Pregnancies,Glucose,BloodPressure,SkinThickness,Insulin,BMI,DiabetesPedigreeFunction,Age,NewBMI_Obesity 1,NewBMI_Obesity 2,NewBMI_Obesity 3,NewBMI_Overweight,NewBMI_Underweight,NewInsulinScore_Normal,NewGlucose_Low,NewGlucose_Normal,NewGlucose_Overweight,NewGlucose_Secret,Outcome
0.6,0.7701863354037267,0.0,1.0,1.0,0.17777777777777792,0.6723127035830619,1.2352941176470589,1,0,0,0,0,0,0,0,0,1,1
-0.4,-0.7950310559006211,-0.375,0.14285714285714285,0.0,-0.5999999999999999,-0.046905537459283435,0.11764705882352941,0,0,0,1,0,1,0,1,0,0,0
1.0,1.639751552795031,-0.5,0.5714285714285714,1.0,-0.9666666666666666,0.7895765472312706,0.17647058823529413,0,0,0,0,0,0,0,0,0,1,1
-0.4,-0.6956521739130435,-0.375,-0.7142857142857143,-0.12686567164179105,-0.4333333333333332,-0.5263843648208469,-0.47058823529411764,0,0,0,1,0,1,0,1,0,0,0
-0.6,0.4968944099378882,-2.0,1.0,0.9776119402985075,1.2333333333333334,5.000651465798045,0.23529411764705882,0,0,1,0,0,0,0,0,0,1,1
0.4,-0.024844720496894408,0.125,-0.14285714285714285,0.0,-0.7111111111111109,-0.4377850162866449,0.058823529411764705,0,0,0,1,0,1,0,0,1,0,0
0.0,-0.968944099378882,-1.375,0.5714285714285714,-0.21641791044776118,-0.1111111111111111,-0.31530944625407165,-0.17647058823529413,1,0,0,0,0,1,0,1,0,0,1
1.4,-0.049689440993788817,-0.125,-0.14285714285714285,0.0,0.36666666666666636,-0.6123778501628665,0.0,0,1,0,0,0,1,0,0,1,0,0
-0.2,1.9875776397515528,-0.125,2.4285714285714284,6.574626865671642,-0.16666666666666666,-0.5498371335504886,1.411764705882353,1,0,0,0,0,0,0,0,0,1,1
1.0,0.19875776397515527,1.5,0.5714285714285714,1.0,0.25555555555555526,-0.3570032573289902,1.4705882352941178,1,0,0,0,0,0,0,0,1,0,1
0.2,-0.17391304347826086,1.25,-0.14285714285714285,0.0,0.6222222222222223,-0.4638436482084691,0.058823529411764705,0,1,0,0,0,1,0,0,1,0,0
1.4,1.2670807453416149,0.125,0.5714285714285714,1.0,0.6666666666666666,0.43778501628664507,0.29411764705882354,0,1,0,0,0,0,0,0,0,1,1
1.4,0.546583850931677,0.5,-0.14285714285714285,0.0,-0.5444444444444443,2.7934853420195442,1.6470588235294117,0,0,0,1,0,1,0,0,0,1,0
0.4,1.2173913043478262,0.0,-1.2857142857142858,1.0820895522388059,-0.6888888888888888,0.5680781758957655,1.2941176470588236,0,0,0,1,0,0,0,0,0,1,1
0.8,-0.422360248447205,0.15625,0.5714285714285714,1.0,-0.2222222222222222,0.29967426710097717,0.17647058823529413,1,0,0,0,0,0,0,0,1,0,1
-0.6,0.024844720496894408,0.75,2.7142857142857144,1.9029850746268657,1.533333333333333,0.4742671009771989,0.11764705882352941,0,0,1,0,0,0,0,0,1,0,1
0.8,-0.2484472049689441,0.125,0.5714285714285714,1.0,-0.2666666666666665,-0.29967426710097717,0.11764705882352941,0,0,0,1,0,0,0,0,1,0,1
-0.4,-0.34782608695652173,-2.625,1.4285714285714286,-0.291044776119403,1.2555555555555553,-0.48469055374592834,0.23529411764705882,0,0,1,0,0,1,0,0,1,0,0
-0.4,-0.049689440993788817,-0.125,0.2857142857142857,-0.09701492537313433,0.28888888888888903,0.4169381107491858,0.17647058823529413,1,0,0,0,0,1,0,0,1,0,1
0.0,0.2236024844720497,1.0,1.8571428571428572,1.9776119402985075,0.8111111111111108,0.8729641693811074,-0.11764705882352941,0,1,0,0,0,0,0,0,1,0,0
1.0,-0.4472049689440994,0.75,-0.14285714285714285,0.0,0.3777777777777776,0.049511400651465844,1.2352941176470589,0,1,0,0,0,1,0,1,0,0,0
0.8,1.9627329192546583,1.125,0.5714285714285714,1.0,0.8666666666666664,0.21368078175895772,0.7058823529411765,0,1,0,0,0,0,0,0,0,1,1
1.2,0.049689440993788817,0.5,1.0,1.0,-0.3333333333333333,-0.27622149837133547,0.0,0,0,0,1,0,0,0,0,1,0,1
1.6,0.6459627329192547,1.375,0.7142857142857143,0.6492537313432836,0.5111111111111113,-0.29967426710097717,1.2941176470588236,0,1,0,0,0,1,0,0,0,1,1
1.4,0.19875776397515527,-0.125,-0.2857142857142857,0.1865671641791045,-0.09999999999999984,-0.4273615635179154,0.7058823529411765,1,0,0,0,0,1,0,0,1,0,1
0.8,0.7453416149068323,0.25,0.5714285714285714,1.0,0.8222222222222221,-0.29185667752442995,0.8235294117647058,0,1,0,0,0,0,0,0,0,1,1
-0.4,-0.4968944099378882,-0.375,-1.8571428571428572,0.5597014925373134,-0.9777777777777779,0.30749185667752443,-0.4117647058823529,0,0,0,0,0,1,0,1,0,0,0
2.0,0.6956521739130435,0.625,-1.2857142857142858,0.11194029850746269,-1.088888888888889,-0.3231270358306189,1.6470588235294117,0,0,0,0,0,1,0,0,0,1,0
0.4,0.0,1.25,-0.14285714285714285,0.0,0.2333333333333335,-0.08338762214983707,0.5294117647058824,1,0,0,0,0,1,0,0,1,0,0
0.4,-0.19875776397515527,0.1875,-0.2857142857142857,0.0,0.4444444444444444,0.4612377850162868,1.8235294117647058,0,1,0,0,0,1,0,0,1,0,0
0.0,1.0186335403726707,0.25,1.1428571428571428,2.126865671641791,-0.04444444444444429,1.2560260586319218,-0.058823529411764705,1,0,0,0,0,0,0,0,0,1,1
0.0,-0.7204968944099379,-0.875,-2.4285714285714284,-0.7238805970149254,-0.7999999999999999,-0.26579804560260584,-0.4117647058823529,0,0,0,0,0,1,0,1,0,0,0
0.6,-0.6211180124223602,1.25,-0.14285714285714285,0.0,-1.3444444444444446,-0.4716612377850163,-0.058823529411764705,0,0,0,0,0,1,0,1,0,0,0
1.4,0.12422360248447205,0.375,0.42857142857142855,0.0,-0.4888888888888887,0.3726384364820848,0.9411764705882353,0,0,0,1,0,1,0,0,1,0,0
0.2,-0.34782608695652173,-0.75,0.7142857142857143,1.335820895522388,-0.8888888888888888,1.555700325732899,0.23529411764705882,0,0,0,0,0,0,0,0,1,0,0
1.6,0.5217391304347826,0.25,-0.14285714285714285,0.0,0.13333333333333364,0.13289902280130292,0.35294117647058826,1,0,0,0,0,1,0,0,0,1,0
1.2,-0.37267080745341613,0.25,1.2857142857142858,1.0,0.09999999999999984,0.7713355048859937,1.0,1,0,0,0,0,0,0,0,1,0,1
-0.2,-0.6708074534161491,-0.25,2.0,1.0,0.6888888888888892,0.34918566775244303,-0.11764705882352941,0,1,0,0,0,0,0,1,0,0,1
0.2,-0.14906832298136646,0.0,2.7142857142857144,1.5597014925373134,0.5666666666666669,2.660586319218241,1.588235294117647,0,1,0,0,0,0,0,0,1,0,1
0.0,1.565217391304348,-0.5,-0.42857142857142855,-0.48507462686567165,0.2222222222222222,-0.25537459283387615,-0.17647058823529413,1,0,0,0,0,1,0,0,0,1,0
0.8,0.39751552795031053,0.75,-0.14285714285714285,0.0,0.9111111111111114,0.8521172638436482,0.47058823529411764,0,0,1,0,0,1,0,0,0,1,0
0.8,-0.2732919254658385,1.25,-1.4285714285714286,0.0,-1.0333333333333334,-0.34918566775244303,1.1176470588235294,0,0,0,0,0,1,0,0,1,0,0
1.2,1.3416149068322982,2.375,-0.5714285714285714,2.0522388059701493,1.4888888888888887,0.9172638436482085,1.4705882352941178,0,0,1,0,0,0,0,0,0,1,1
0.8,1.0434782608695652,-0.5,-0.14285714285714285,0.0,-0.5111111111111113,-0.1954397394136808,0.6470588235294118,0,0,0,1,0,1,0,0,0,1,0
-0.6,1.565217391304348,-0.375,1.5714285714285714,1.0,1.1111111111111112,3.9713355048859937,-0.23529411764705882,0,0,1,0,0,0,0,0,0,1,1
-0.4,0.7204968944099379,-1.0,-0.14285714285714285,0.0,-0.25555555555555565,0.5081433224755699,0.0,0,0,0,1,0,1,0,0,0,1,0
-0.2,-1.1428571428571428,-0.125,-0.14285714285714285,0.0,-0.4444444444444444,0.565472312703583,-0.4117647058823529,0,0,0,1,0,1,0,1,0,0,0
0.8,-0.34782608695652173,-0.375,0.5714285714285714,1.0,0.7888888888888891,-0.06514657980456032,0.11764705882352941,0,1,0,0,0,0,0,0,1,0,1
0.8,-0.2981366459627329,-0.125,-0.14285714285714285,0.0,-0.21111111111111094,-0.16677524429967427,-0.29411764705882354,1,0,0,0,0,1,0,0,1,0,0
-0.4,-0.34782608695652173,0.5,-2.4285714285714284,-0.30597014925373134,-1.4000000000000001,0.31791530944625407,-0.4117647058823529,0,0,0,0,0,1,0,0,1,0,0
-0.4,-0.39751552795031053,-1.375,-1.8571428571428572,-0.9925373134328358,-0.8666666666666667,0.40912052117263853,-0.17647058823529413,0,0,0,0,0,1,0,0,1,0,0
0.4,-0.7204968944099379,-0.375,-1.0,-1.1865671641791045,-0.8444444444444446,-0.070358306188925,0.058823529411764705,0,0,0,0,0,1,0,1,0,0,0
1.0,1.4658385093167703,1.125,0.8571428571428571,2.9477611940298507,0.18888888888888922,0.2553745928338763,1.7058823529411764,1,0,0,0,0,0,0,0,0,1,1
0.8,0.8198757763975155,-0.375,2.0,3.574626865671642,0.3000000000000003,0.9094462540716612,0.7647058823529411,1,0,0,0,0,0,0,0,0,1,0
-0.4,-1.093167701863354,-1.375,-2.5714285714285716,0.0,-1.0,-0.31530944625407165,-0.47058823529411764,0,0,0,0,0,1,0,1,0,0,0
0.8,1.7391304347826086,-0.25,1.5714285714285714,3.0074626865671643,0.6333333333333336,-0.29967426710097717,0.7058823529411765,0,1,0,0,0,0,0,0,0,1,1
-0.6,-0.422360248447205,1.0,4.571428571428571,0.11194029850746269,1.6444444444444442,1.5452768729641695,0.11764705882352941,0,0,1,0,0,1,0,0,1,0,0
-0.6,0.7204968944099379,0.625,-0.14285714285714285,0.0,0.9444444444444444,3.6794788273615633,0.8823529411764706,0,0,1,0,0,1,0,0,0,1,0
-0.6,-0.2981366459627329,-0.5,1.8571428571428572,0.5895522388059702,1.0555555555555556,-0.5107491856677525,-0.4117647058823529,0,0,1,0,0,1,0,0,1,0,0
-0.2,-0.8198757763975155,-0.125,-0.14285714285714285,0.0,-0.21111111111111094,-0.1693811074918567,-0.47058823529411764,1,0,0,0,0,1,0,1,0,0,0
1.0,0.39751552795031053,0.0,0.5714285714285714,1.0,0.09999999999999984,-0.25798045602605857,0.5882352941176471,1,0,0,0,0,0,0,0,0,1,1
0.4,-1.813664596273292,-0.625,-0.14285714285714285,0.0,-0.7777777777777778,0.5680781758957655,0.4117647058823529,0,0,0,1,0,1,1,0,0,0,0
-0.2,0.5962732919254659,-0.875,0.8571428571428571,0.3805970149253731,-0.7333333333333335,0.8599348534201954,-0.29411764705882354,0,0,0,1,0,1,0,0,0,1,0
0.8,-0.07453416149068323,-0.375,0.5714285714285714,1.0,0.08888888888888857,-0.28925081433224753,0.7647058823529411,1,0,0,0,0,0,0,0,1,0,1
0.4,-0.4472049689440994,0.125,-0.14285714285714285,0.0,-0.3333333333333333,-0.4325732899022801,0.17647058823529413,0,0,0,1,0,1,0,1,0,0,0
-0.6,-0.19875776397515527,1.0,0.2857142857142857,1.0,0.05555555555555555,1.2664495114006515,0.5294117647058824,1,0,0,0,0,0,0,0,1,0,1
-0.2,-0.19875776397515527,1.25,-0.14285714285714285,0.0,1.188888888888889,1.2403908794788274,1.4705882352941178,0,0,1,0,0,1,0,0,1,0,0
-0.4,-0.546583850931677,-0.375,-2.142857142857143,-0.9626865671641791,-1.3777777777777775,-0.09120521172638431,-0.23529411764705882,0,0,0,0,0,1,0,1,0,0,0
0.2,0.7204968944099379,0.8125,-0.14285714285714285,-0.03731343283582089,-0.3444444444444446,-0.46905537459283386,-0.11764705882352941,0,0,0,1,0,1,0,0,0,1,0
-0.2,-0.422360248447205,-0.375,-1.1428571428571428,-0.1865671641791045,0.09999999999999984,1.2977198697068404,-0.058823529411764705,1,0,0,0,0,1,0,0,1,0,1
0.4,0.546583850931677,-0.5,1.0,0.5597014925373134,-0.3777777777777776,0.1094462540716612,-0.17647058823529413,0,0,0,1,0,1,0,0,0,1,0
2.0,0.2236024844720497,1.125,0.5714285714285714,1.0,1.2666666666666666,0.5576547231270358,0.7647058823529411,0,0,1,0,0,0,0,0,1,0,1
0.2,0.2981366459627329,0.875,-1.1428571428571428,2.5,0.3444444444444446,-0.3596091205211726,-0.35294117647058826,0,1,0,0,0,0,0,0,0,1,0
-0.4,-0.9440993788819876,0.1875,0.2857142857142857,0.0,0.0,0.07035830618892515,-0.4117647058823529,1,0,0,0,0,1,0,1,0,0,0
-0.4,-0.2484472049689441,-1.5,-1.1428571428571428,0.0,-0.8111111111111112,-0.596742671009772,-0.4117647058823529,0,0,0,0,0,1,0,0,1,0,0
0.8,-1.3664596273291925,0.375,-0.14285714285714285,0.0,0.06666666666666682,0.057328990228013084,0.7058823529411765,1,0,0,0,0,1,1,0,0,0,0
0.4,-0.546583850931677,0.0,0.7142857142857143,0.0,0.6333333333333336,0.0026058631921824127,-0.11764705882352941,0,1,0,0,0,1,0,1,0,0,0
-0.6,0.34782608695652173,0.15625,0.5714285714285714,1.0,1.2444444444444447,-0.25798045602605857,-0.17647058823529413,0,0,1,0,0,0,0,0,0,1,1
-0.2,-0.12422360248447205,-0.375,-0.8571428571428571,0.0,-0.7777777777777778,-0.16156351791530946,-0.29411764705882354,0,0,0,1,0,1,0,0,1,0,0
0.0,-0.09937888198757763,-1.75,-2.142857142857143,0.0,-1.0666666666666669,-0.596742671009772,-0.4117647058823529,0,0,0,0,0,1,0,0,1,0,0
-0.2,-1.0683229813664596,-0.125,-0.14285714285714285,0.0,-0.21111111111111094,-0.6957654723127037,-0.4117647058823529,1,0,0,0,0,1,0,1,0,0,0
0.8,-0.84472049689441,0.375,-0.2857142857142857,-0.4701492537313433,-0.29999999999999993,1.0371335504885995,0.4117647058823529,0,0,0,1,0,1,0,1,0,0,0
-0.6,-0.39751552795031053,-0.4375,0.0,0.0,-0.8222222222222221,-0.3439739413680782,-0.4117647058823529,0,0,0,0,0,1,0,0,1,0,0
0.4,0.4968944099378882,2.25,0.5714285714285714,1.0,1.8666666666666663,-0.37003257328990224,0.47058823529411764,0,0,1,0,0,0,0,0,0,1,1
-0.2,-0.17391304347826086,0.125,0.14285714285714285,0.3358208955223881,0.04444444444444429,0.857328990228013,-0.11764705882352941,1,0,0,0,0,1,0,0,1,0,0
2.0,-0.2732919254658385,0.0,3.7142857142857144,0.0,0.5111111111111113,-0.4977198697068404,0.9411764705882353,0,1,0,0,0,1,0,0,1,0,0
-0.2,-0.422360248447205,-0.25,-0.42857142857142855,-0.4701492537313433,0.7222222222222222,-0.11726384364820844,-0.17647058823529413,0,1,0,0,0,1,0,0,1,0,0
2.4,0.4720496894409938,-0.125,0.5714285714285714,0.11194029850746269,0.5666666666666669,-0.5628664495114006,0.8235294117647058,0,1,0,0,0,1,0,0,0,1,1
-0.4,-0.2484472049689441,-0.25,-1.2857142857142858,0.0,-0.6111111111111112,-0.5315960912052117,-0.29411764705882354,0,0,0,1,0,1,0,0,1,0,0
-0.4,-0.9192546583850931,-1.0625,-0.14285714285714285,0.0,-1.4333333333333331,-0.28925081433224753,-0.47058823529411764,0,0,0,0,0,1,0,1,0,0,0
0.2,0.14906832298136646,0.5,-1.8571428571428572,1.0970149253731343,0.0,0.19283387622149842,0.29411764705882354,1,0,0,0,0,0,0,0,1,0,0
0.8,-0.8944099378881988,0.375,1.7142857142857142,-0.8134328358208955,1.6333333333333337,-0.2814332247557003,0.7647058823529411,0,0,1,0,0,1,0,1,0,0,0
0.2,0.422360248447205,0.0,0.5714285714285714,1.0,-0.911111111111111,-0.2397394136807817,1.8235294117647058,0,0,0,0,0,0,0,0,0,1,1
-0.2,0.6211180124223602,0.625,-1.4285714285714286,-0.5746268656716418,-0.8111111111111112,1.021498371335505,-0.47058823529411764,0,0,0,0,0,1,0,0,0,1,0
0.6,0.6708074534161491,0.0,-0.14285714285714285,1.873134328358209,0.21111111111111094,-0.2970684039087948,0.6470588235294118,1,0,0,0,0,0,0,0,0,1,0
-0.2,-0.6211180124223602,-0.625,0.0,0.0,-0.04444444444444429,-0.6228013029315961,-0.29411764705882354,1,0,0,0,0,1,0,1,0,0,0
-0.4,-1.1428571428571428,-1.5,-1.4285714285714286,-0.39552238805970147,-1.288888888888889,-0.11986970684039085,-0.4117647058823529,0,0,0,0,0,1,0,1,0,0,0
0.6,-0.5962732919254659,-1.375,0.2857142857142857,-0.5746268656716418,-0.36666666666666675,-0.03387622149837137,-0.35294117647058826,0,0,0,1,0,1,0,1,0,0,0
-0.4,0.12422360248447205,1.125,3.2857142857142856,1.7537313432835822,1.966666666666667,-0.11465798045602602,0.11764705882352941,0,0,1,0,0,0,0,0,1,0,1
-0.4,1.1428571428571428,0.0,0.5714285714285714,1.0,0.7777777777777778,2.2228013029315963,0.23529411764705882,0,1,0,0,0,0,0,0,0,1,1
-0.4,0.84472049689441,-0.75,-0.14285714285714285,0.0,-0.6555555555555554,-0.49511400651465803,-0.4117647058823529,0,0,0,1,0,1,0,0,0,1,0
-0.6,0.19875776397515527,1.5,-0.14285714285714285,0.0,-1.0555555555555556,-0.2788273615635179,-0.47058823529411764,0,0,0,0,0,1,0,0,1,0,0
-0.4,-0.8944099378881988,0.0,-1.4285714285714286,-0.9328358208955224,-0.5999999999999999,-0.22410423452768735,-0.29411764705882354,0,0,0,1,0,1,0,1,0,0,0
-0.2,-0.7950310559006211,-0.4375,-0.14285714285714285,0.0,0.8444444444444446,1.4618892508143324,-0.11764705882352941,0,1,0,0,0,1,0,1,0,0,0
-0.4,0.2236024844720497,-1.0,0.14285714285714285,0.7388059701492538,-0.36666666666666675,1.1257328990228015,-0.47058823529411764,0,0,0,1,0,1,0,0,1,0,0
0.2,0.6708074534161491,-0.875,0.0,0.5597014925373134,-0.2777777777777778,-0.21368078175895772,0.47058823529411764,0,0,0,1,0,1,0,0,0,1,0
0.0,-0.84472049689441,-0.875,0.42857142857142855,-1.2611940298507462,0.25555555555555526,-0.08599348534201948,-0.23529411764705882,1,0,0,0,0,1,0,1,0,0,0
-0.6,-0.546583850931677,0.8125,-0.42857142857142855,-0.9925373134328358,0.5999999999999999,-0.31791530944625407,-0.29411764705882354,0,1,0,0,0,1,0,1,0,0,1
0.0,1.3416149068322982,0.0,0.7142857142857143,0.48507462686567165,0.14444444444444413,-0.44299674267100975,-0.29411764705882354,1,0,0,0,0,1,0,0,0,1,1
1.0,0.9440993788819876,-0.625,-0.2857142857142857,5.858208955223881,0.2222222222222222,0.45342019543973955,1.0,1,0,0,0,0,0,0,0,0,1,1
-0.4,-0.6956521739130435,0.25,0.8571428571428571,-0.9776119402985075,-0.08888888888888896,-0.46123778501628665,-0.35294117647058826,1,0,0,0,0,1,0,1,0,0,0
0.2,-1.0186335403726707,-0.625,-0.14285714285714285,0.0,0.2222222222222222,0.057328990228013084,-0.23529411764705882,1,0,0,0,0,1,0,1,0,0,0
0.8,1.0683229813664596,-1.125,0.5714285714285714,1.0820895522388059,-0.16666666666666666,0.5706840390879478,0.5882352941176471,1,0,0,0,0,0,0,0,0,1,1
0.2,0.7204968944099379,1.25,0.5714285714285714,1.0,-0.08888888888888896,0.4429967426710099,1.8823529411764706,1,0,0,0,0,0,0,0,0,1,1
0.4,0.17391304347826086,0.125,0.5714285714285714,1.0,0.2222222222222222,-0.38827361563517915,0.5294117647058824,1,0,0,0,0,0,0,0,1,0,1
0.4,-0.968944099378882,-1.5,-0.14285714285714285,0.0,0.18888888888888922,0.7426710097719871,-0.23529411764705882,1,0,0,0,0,1,0,1,0,0,0
0.2,-0.4968944099378882,-0.75,-0.7142857142857143,0.0,-0.4222222222222223,0.19283387622149842,-0.4117647058823529,0,0,0,1,0,1,0,1,0,0,0
0.2,-0.4472049689440994,0.25,-1.8571428571428572,-0.7686567164179104,-0.9777777777777779,-0.38045602605863194,-0.47058823529411764,0,0,0,0,0,1,0,1,0,0,0
-0.6,1.1180124223602483,0.25,4.0,-0.03731343283582089,2.355555555555556,1.01628664495114,-0.23529411764705882,0,0,1,0,0,1,0,0,0,1,1
0.6,-0.14906832298136646,-0.5,1.5714285714285714,0.0,0.24444444444444477,-0.28403908794788274,-0.29411764705882354,1,0,0,0,0,1,0,0,1,0,0
-0.2,-0.2484472049689441,0.125,0.2857142857142857,-0.03731343283582089,0.17777777777777792,0.09120521172638445,-0.35294117647058826,1,0,0,0,0,1,0,0,1,0,0
0.4,0.37267080745341613,0.5,-0.14285714285714285,0.0,-0.5777777777777777,-0.47687296416938113,2.3529411764705883,0,0,0,1,0,1,0,0,0,1,0
-0.6,-0.09937888198757763,0.25,0.5714285714285714,1.0,0.14444444444444413,-0.23713355048859927,-0.35294117647058826,1,0,0,0,0,0,0,0,1,0,1
0.0,0.07453416149068323,-0.125,0.2857142857142857,0.48507462686567165,1.211111111111111,0.2162866449511401,0.058823529411764705,0,0,1,0,0,1,0,0,1,0,0
-0.4,0.024844720496894408,-0.875,1.1428571428571428,-0.12686567164179105,0.14444444444444413,-0.2814332247557003,-0.35294117647058826,1,0,0,0,0,1,0,0,1,0,0
-0.4,0.0,1.0,-0.5714285714285714,0.6343283582089553,0.2777777777777778,0.08859934853420204,0.6470588235294118,1,0,0,0,0,1,0,0,1,0,1
-0.6,-0.2981366459627329,0.75,0.5714285714285714,1.0,-0.4555555555555557,0.9693811074918567,1.9411764705882353,0,0,0,1,0,0,0,0,1,0,1
0.2,1.391304347826087,-0.125,-2.0,0.9776119402985075,-0.25555555555555565,-0.0208469055374593,0.23529411764705882,0,0,0,1,0,0,0,0,0,1,1
1.2,0.12422360248447205,-1.0,0.5714285714285714,1.0,0.14444444444444413,1.9413680781758962,0.23529411764705882,1,0,0,0,0,0,0,0,1,0,1
0.0,1.3167701863354038,-0.5,1.2857142857142858,1.828358208955224,0.2777777777777778,-0.03387622149837137,0.058823529411764705,1,0,0,0,0,0,0,0,0,1,1
1.0,-0.8198757763975155,0.125,0.42857142857142855,0.0,0.6999999999999997,0.2293159609120522,0.5882352941176471,0,1,0,0,0,1,0,1,0,0,0
-0.2,-0.5217391304347826,-0.25,-2.142857142857143,-0.7985074626865671,-1.211111111111111,0.7244299674267102,-0.17647058823529413,0,0,0,0,0,1,0,1,0,0,0
-0.2,0.19875776397515527,-0.75,-1.1428571428571428,0.5597014925373134,0.19999999999999968,-0.7322475570032574,0.11764705882352941,1,0,0,0,0,1,0,0,1,0,0
-0.6,-0.422360248447205,-0.125,-0.2857142857142857,-0.7835820895522388,-0.13333333333333325,0.5941368078175896,-0.47058823529411764,1,0,0,0,0,1,0,0,1,0,0
-0.6,-0.5962732919254659,-0.75,-0.42857142857142855,-0.15671641791044777,-0.36666666666666675,0.424755700325733,-0.4117647058823529,0,0,0,1,0,1,0,1,0,0,0
-0.6,0.2981366459627329,0.5,-0.14285714285714285,0.0,-0.08888888888888896,0.8703583061889251,0.0,1,0,0,0,0,1,0,0,0,1,0
0.4,-0.2981366459627329,0.0,0.14285714285714285,3.3208955223880596,0.5444444444444443,-0.5472312703583062,-0.058823529411764705,0,1,0,0,0,0,0,0,1,0,0
0.0,0.2732919254658385,0.375,-0.14285714285714285,0.0,-1.211111111111111,-0.2631921824104234,1.5294117647058822,0,0,0,0,0,1,0,0,0,1,0
0.4,-0.2732919254658385,0.625,0.2857142857142857,0.0,0.8333333333333334,-0.2162866449511401,0.5294117647058824,0,1,0,0,0,1,0,0,1,0,0
-0.2,-0.2236024844720497,-1.25,-0.2857142857142857,-0.5895522388059702,0.05555555555555555,-0.13289902280130292,-0.4117647058823529,1,0,0,0,0,1,0,0,1,0,0
1.4,-0.2236024844720497,-0.375,0.5714285714285714,1.0,0.04444444444444429,-0.2527687296416938,0.7647058823529411,1,0,0,0,0,0,0,0,1,0,1
0.2,0.9192546583850931,-0.625,0.42857142857142855,2.708955223880597,0.08888888888888857,-0.3439739413680782,-0.35294117647058826,1,0,0,0,0,0,0,0,0,1,0
-0.6,-0.37267080745341613,0.1875,-0.7142857142857143,0.0,-0.21111111111111094,0.5289902280130292,-0.47058823529411764,1,0,0,0,0,1,0,0,1,0,0
1.2,-1.4906832298136645,0.5,1.2857142857142858,0.0,0.08888888888888857,-0.7114006514657981,0.7058823529411765,1,0,0,0,0,1,1,0,0,0,0
-0.2,-0.2732919254658385,-0.5,1.0,0.2462686567164179,-0.16666666666666666,2.686644951140065,0.29411764705882354,1,0,0,0,0,1,0,0,1,0,0
0.4,0.7453416149068323,0.375,-0.14285714285714285,0.0,0.18888888888888922,-0.393485342019544,2.1176470588235294,1,0,0,0,0,1,0,0,0,1,0
-0.2,-0.6708074534161491,-0.125,-1.5714285714285714,0.0,-0.5222222222222221,-0.7400651465798045,-0.4117647058823529,0,0,0,1,0,1,0,1,0,0,0
-0.4,0.4720496894409938,0.125,3.142857142857143,1.5149253731343284,0.5999999999999999,0.07817589576547239,-0.29411764705882354,0,1,0,0,0,0,0,0,0,1,0
0.2,-0.07453416149068323,-0.4375,-0.14285714285714285,0.0,-1.1222222222222225,0.16416938110749188,0.47058823529411764,0,0,0,0,0,1,0,0,1,0,0
1.2,0.968944099378882,0.875,0.0,0.7835820895522388,0.25555555555555526,2.1368078175895766,0.7647058823529411,1,0,0,0,0,1,0,0,0,1,1
-0.4,0.8944099378881988,0.625,2.0,5.708955223880597,0.9555555555555557,0.8286644951140067,-0.35294117647058826,0,0,1,0,0,0,0,0,0,1,0
1.0,1.763975155279503,0.375,0.5714285714285714,1.0,1.7666666666666666,-0.6045602605863192,0.8235294117647058,0,0,1,0,0,0,0,0,0,1,1
0.8,0.8695652173913043,1.0,2.2857142857142856,1.0,2.0,-0.08338762214983707,0.4117647058823529,0,0,1,0,0,0,0,0,0,1,1
-0.2,-0.4472049689440994,-1.25,-1.8571428571428572,-0.12686567164179105,-0.8222222222222221,0.6983713355048861,-0.47058823529411764,0,0,0,0,0,1,0,1,0,0,0
-0.4,-0.19875776397515527,-1.0,-1.0,0.48507462686567165,-0.7555555555555556,1.2091205211726384,-0.35294117647058826,0,0,0,1,0,1,0,0,1,0,0
-0.2,-0.7204968944099379,0.125,-1.2857142857142858,-0.7388059701492538,-0.3333333333333333,-0.36482084690553745,-0.4117647058823529,0,0,0,1,0,1,0,1,0,0,0
2.8,1.1428571428571428,0.0,1.8571428571428572,0.17164179104477612,0.9888888888888887,1.1674267100977198,1.0588235294117647,0,0,1,0,0,1,0,0,0,1,1
0.2,0.84472049689441,1.125,1.4285714285714286,0.0,-0.25555555555555565,-0.1954397394136808,0.4117647058823529,0,0,0,1,0,1,0,0,0,1,0
0.8,-0.37267080745341613,0.125,1.7142857142857142,0.03731343283582089,0.5777777777777781,-0.42996742671009774,0.9411764705882353,0,1,0,0,0,1,0,0,1,0,0
-0.6,-0.07453416149068323,0.5,0.8571428571428571,2.7238805970149254,1.3555555555555558,-0.5263843648208469,-0.11764705882352941,0,0,1,0,0,0,0,0,1,0,0
-0.2,-0.422360248447205,-0.5,-0.7142857142857143,0.0,-0.25555555555555565,-0.0026058631921824127,-0.47058823529411764,0,0,0,1,0,1,0,0,1,0,0
-0.6,0.34782608695652173,1.0,0.5714285714285714,1.0,-0.04444444444444429,0.9745928338762215,0.17647058823529413,1,0,0,0,0,0,0,0,0,1,1
0.6,-0.32298136645962733,0.125,-1.4285714285714286,0.7985074626865671,-0.2333333333333335,0.9198697068403908,0.7058823529411765,0,0,0,1,0,1,0,0,1,0,1
0.0,0.7701863354037267,-0.375,-0.42857142857142855,0.0,0.05555555555555555,-0.2944625407166124,-0.4117647058823529,1,0,0,0,0,1,0,0,0,1,0
0.2,0.07453416149068323,-0.25,-0.14285714285714285,0.0,-0.2666666666666665,0.8859934853420195,0.29411764705882354,0,0,0,1,0,1,0,0,1,0,0
0.2,-0.17391304347826086,-0.375,-0.14285714285714285,0.0,-0.01111111111111127,0.26579804560260584,0.0,1,0,0,0,0,1,0,0,1,0,0
0.0,-0.14906832298136646,1.125,-2.2857142857142856,-0.3656716417910448,-0.40000000000000013,0.32833876221498376,0.0,0,0,0,1,0,1,0,0,1,0,0
0.6,-0.37267080745341613,0.625,0.5714285714285714,1.0,-0.13333333333333325,-0.4925081433224756,0.4117647058823529,1,0,0,0,0,0,0,0,1,0,1
0.6,0.422360248447205,-0.125,-0.7142857142857143,0.41044776119402987,0.3777777777777776,0.4508143322475571,0.0,0,1,0,0,0,1,0,0,0,1,1
-0.2,-0.7453416149068323,-0.125,-0.7142857142857143,0.0,-0.3444444444444446,1.0527687296416939,-0.23529411764705882,0,0,0,1,0,1,0,1,0,0,0
-0.4,-0.9440993788819876,-0.75,2.0,-0.8134328358208955,1.2777777777777777,0.805211726384365,-0.35294117647058826,0,0,1,0,0,1,0,1,0,0,0
-0.2,-1.0434782608695652,-0.5,-0.5714285714285714,-0.7089552238805971,-0.25555555555555565,0.0026058631921824127,0.23529411764705882,0,0,0,1,0,1,0,1,0,0,0
1.0,1.5403726708074534,0.0,2.0,0.41044776119402987,0.0777777777777781,0.9120521172638436,0.4117647058823529,1,0,0,0,0,1,0,0,0,1,1
0.6,-0.7950310559006211,0.375,-0.14285714285714285,0.0,-0.08888888888888896,0.03387622149837137,0.7647058823529411,1,0,0,0,0,1,0,1,0,0,0
-0.6,0.2981366459627329,2.375,2.5714285714285716,0.41044776119402987,3.8999999999999995,-0.1302931596091205,-0.17647058823529413,0,0,1,0,0,1,0,0,0,1,1
0.4,0.6459627329192547,0.375,-0.14285714285714285,0.0,1.4444444444444444,-0.4664495114006515,1.0588235294117647,0,0,1,0,0,1,0,0,0,1,0
0.4,0.32298136645962733,0.625,0.5714285714285714,1.0,0.7888888888888891,1.5296416938110748,0.47058823529411764,0,1,0,0,0,0,0,0,0,1,1
0.6,-0.7453416149068323,0.5,-0.14285714285714285,0.0,-0.9777777777777779,-0.742671009771987,0.17647058823529413,0,0,0,0,0,1,0,1,0,0,0
-0.6,0.049689440993788817,-0.5,-1.4285714285714286,-0.15671641791044777,0.3222222222222221,0.9276872964169381,-0.35294117647058826,1,0,0,0,0,1,0,0,1,0,0
-0.4,-0.2484472049689441,0.125,-1.1428571428571428,-1.1865671641791045,-0.47777777777777786,-0.18241042345276876,-0.47058823529411764,0,0,0,1,0,1,0,0,1,0,0
0.4,-1.093167701863354,-0.75,-0.14285714285714285,0.0,-0.5777777777777777,-0.2631921824104234,-0.11764705882352941,0,0,0,1,0,1,0,1,0,0,0
0.2,0.5962732919254659,0.125,-0.14285714285714285,0.0,-0.4888888888888887,-0.32573289902280134,0.6470588235294118,0,0,0,1,0,1,0,0,0,1,0
0.8,1.9130434782608696,-0.25,0.0,1.0,0.4333333333333332,0.9798045602605864,0.7058823529411765,0,1,0,0,0,0,0,0,0,1,1
1.0,1.5900621118012421,-0.25,1.1428571428571428,5.858208955223881,-0.21111111111111094,0.641042345276873,1.8235294117647058,1,0,0,0,0,0,0,0,0,1,1
-0.4,0.2732919254658385,1.625,1.8571428571428572,-0.664179104477612,0.0,2.480781758957655,0.23529411764705882,1,0,0,0,0,1,0,0,0,1,1
1.0,-0.19875776397515527,0.25,1.5714285714285714,0.17164179104477612,-0.4555555555555557,0.7061889250814333,0.11764705882352941,0,0,0,1,0,1,0,0,1,0,1
0.4,0.546583850931677,0.5,1.0,0.8582089552238806,-0.04444444444444429,-0.0208469055374593,-0.23529411764705882,1,0,0,0,0,1,0,0,0,1,1
0.0,-0.14906832298136646,-0.625,-0.14285714285714285,0.0,-1.0444444444444443,-0.5915309446254072,-0.47058823529411764,0,0,0,0,0,1,0,0,1,0,0
1.2,0.14906832298136646,-0.125,2.2857142857142856,-0.12686567164179105,0.12222222222222238,0.013029315960912065,0.6470588235294118,1,0,0,0,0,1,0,0,1,0,0
0.8,1.0434782608695652,-0.375,0.5714285714285714,1.0,-0.17777777777777792,0.03648208469055378,0.4117647058823529,1,0,0,0,0,0,0,0,0,1,1
1.6,0.4472049689440994,0.15625,0.5714285714285714,1.0,2.255555555555555,0.5446254071661237,0.6470588235294118,0,0,1,0,0,0,0,0,0,1,1
1.0,-0.7950310559006211,-1.0625,-1.1428571428571428,0.0,-0.8444444444444446,-0.6071661237785017,0.7647058823529411,0,0,0,0,0,1,0,1,0,0,0
0.4,1.0186335403726707,0.75,1.8571428571428572,1.6044776119402986,0.8222222222222221,0.06775244299674274,0.0,0,1,0,0,0,0,0,0,0,1,1
-0.4,-0.2981366459627329,-0.875,-0.14285714285714285,0.0,-0.8555555555555555,-0.4742671009771987,-0.47058823529411764,0,0,0,0,0,1,0,0,1,0,0
0.0,-0.2484472049689441,-0.625,-2.142857142857143,-0.8134328358208955,-1.0111111111111113,0.805211726384365,-0.35294117647058826,0,0,0,0,0,1,0,0,1,0,1
0.2,-0.19875776397515527,-0.5,2.2857142857142856,-0.05223880597014925,0.3111111111111108,1.3967426710097721,-0.17647058823529413,1,0,0,0,0,1,0,0,1,0,1
0.2,0.7701863354037267,-0.75,-0.14285714285714285,3.216417910447761,-0.12222222222222238,-0.570684039087948,0.0,1,0,0,0,0,0,0,0,0,1,1
-0.6,-0.09937888198757763,0.5,-1.7142857142857142,0.0,-0.1111111111111111,1.3159609120521174,-0.47058823529411764,1,0,0,0,0,1,0,0,1,0,0
-0.4,0.5217391304347826,0.625,-0.14285714285714285,0.0,0.9000000000000001,-0.3465798045602606,-0.058823529411764705,0,0,1,0,0,1,0,0,0,1,0
-0.6,-0.2236024844720497,-0.25,-1.1428571428571428,0.0,-0.5222222222222221,1.0892508143322477,0.17647058823529413,0,0,0,1,0,1,0,0,1,0,0
-0.2,-0.4472049689440994,-0.125,-1.7142857142857142,-0.8731343283582089,-1.288888888888889,-0.34918566775244303,-0.11764705882352941,0,0,0,0,0,1,0,1,0,0,0
0.6,-0.34782608695652173,0.0,0.5714285714285714,1.3059701492537314,0.6333333333333336,-0.11726384364820844,1.5294117647058822,0,1,0,0,0,0,0,0,1,0,0
0.4,-0.14906832298136646,0.0,0.0,0.0,-0.9000000000000001,0.09902280130293155,-0.11764705882352941,0,0,0,0,0,1,0,0,1,0,0
1.0,1.9627329192546583,0.25,0.14285714285714285,2.6492537313432836,0.6111111111111112,0.6149837133550489,1.6470588235294117,0,1,0,0,0,0,0,0,0,1,1
0.4,1.1180124223602483,2.0,0.5714285714285714,1.0,0.6333333333333336,-0.5680781758957655,1.3529411764705883,0,1,0,0,0,0,0,0,0,1,1
-0.4,-0.5217391304347826,-0.5,-0.14285714285714285,-0.23134328358208955,0.13333333333333364,-0.2084690553745929,-0.47058823529411764,1,0,0,0,0,1,0,1,0,0,0
0.8,1.6645962732919255,0.75,0.7142857142857143,1.0,0.3888888888888889,-0.03648208469055378,0.7058823529411765,0,1,0,0,0,0,0,0,0,1,1
-0.2,-0.8944099378881988,-0.75,-0.8571428571428571,0.0,-0.47777777777777786,-0.20586319218241048,-0.23529411764705882,0,0,0,1,0,1,0,1,0,0,0
-0.6,0.7453416149068323,0.8125,3.7142857142857144,0.0,1.1999999999999997,0.015635179153094477,-0.29411764705882354,0,0,1,0,0,1,0,0,0,1,0
0.8,1.5403726708074534,1.4375,0.42857142857142855,0.0,0.24444444444444477,-0.5342019543973942,1.8235294117647058,1,0,0,0,0,1,0,0,0,1,0
-0.6,0.5714285714285714,-0.4375,-0.2857142857142857,0.41044776119402987,1.177777777777778,0.16156351791530946,-0.29411764705882354,0,0,1,0,0,1,0,0,0,1,1
1.2,-0.12422360248447205,0.625,0.5714285714285714,1.0820895522388059,0.24444444444444477,-0.28403908794788274,0.4117647058823529,1,0,0,0,0,0,0,0,1,0,1
1.8,0.84472049689441,-0.125,1.7142857142857142,2.514925373134328,1.0888888888888886,0.9719869706840392,0.5294117647058824,0,0,1,0,0,0,0,0,0,1,1
0.4,-0.19875776397515527,-0.625,1.8571428571428572,0.39552238805970147,0.4222222222222219,0.37785016286644957,-0.23529411764705882,0,1,0,0,0,1,0,0,1,0,1
0.6,0.19875776397515527,-0.25,0.2857142857142857,0.26119402985074625,-0.2222222222222222,0.24755700325732907,0.17647058823529413,1,0,0,0,0,1,0,0,1,0,0
0.4,-0.7950310559006211,0.125,-0.8571428571428571,1.0,-0.3333333333333333,2.228013029315961,0.17647058823529413,0,0,0,1,0,0,0,1,0,0,1
0.4,-0.12422360248447205,-0.375,0.5714285714285714,1.0,0.6444444444444442,-0.2814332247557003,0.7058823529411765,0,1,0,0,0,0,0,0,1,0,1
-0.6,1.4906832298136645,-0.75,0.14285714285714285,5.604477611940299,0.28888888888888903,1.8319218241042348,-0.47058823529411764,1,0,0,0,0,0,0,0,0,1,1
-0.2,1.0186335403726707,1.125,0.5714285714285714,1.0,-0.04444444444444429,1.1361563517915312,2.176470588235294,1,0,0,0,0,0,0,0,0,1,1
0.8,0.049689440993788817,-0.125,-0.14285714285714285,0.0,-0.7555555555555556,-0.4169381107491857,0.47058823529411764,0,0,0,1,0,1,0,0,1,0,0
0.8,0.6211180124223602,-0.75,0.7142857142857143,1.3059701492537314,-0.35555555555555546,0.8286644951140067,1.8823529411764706,0,0,0,1,0,0,0,0,0,1,0
-0.4,-0.422360248447205,-0.375,-1.8571428571428572,-0.6940298507462687,-0.9333333333333331,0.773941368078176,-0.17647058823529413,0,0,0,0,0,1,0,0,1,0,0
-0.4,-0.7453416149068323,0.375,-0.14285714285714285,-1.0522388059701493,0.28888888888888903,-0.6983713355048861,-0.4117647058823529,1,0,0,0,0,1,0,1,0,0,0
-0.6,-0.39751552795031053,0.25,-0.14285714285714285,0.0,0.4111111111111114,-0.44560260586319217,-0.17647058823529413,0,1,0,0,0,1,0,0,1,0,0
0.0,1.1180124223602483,-1.25,1.4285714285714286,1.0,0.5777777777777781,0.7374592833876222,-0.29411764705882354,0,1,0,0,0,0,0,0,0,1,1
-0.6,0.0,0.5,0.42857142857142855,-0.7388059701492538,1.466666666666667,-0.729641693811075,-0.29411764705882354,0,0,1,0,0,1,0,0,1,0,0
0.2,0.6211180124223602,0.875,0.5714285714285714,1.0,1.3333333333333333,0.7192182410423453,-0.4117647058823529,0,0,1,0,0,0,0,0,0,1,1
0.6,0.422360248447205,0.5,1.2857142857142858,3.9925373134328357,1.5777777777777782,-0.3413680781758958,1.0,0,0,1,0,0,0,0,0,0,1,1
-0.4,-0.9440993788819876,0.5,-0.42857142857142855,-0.9776119402985075,-0.7333333333333335,0.5576547231270358,-0.4117647058823529,0,0,0,1,0,1,0,1,0,0,0
0.2,0.12422360248447205,-0.25,-0.14285714285714285,0.0,0.3333333333333333,0.06514657980456032,0.0,0,1,0,0,0,1,0,0,1,0,0
0.0,-1.0683229813664596,-0.25,0.0,-0.8582089552238806,-0.25555555555555565,-0.19804560260586324,-0.35294117647058826,0,0,0,1,0,1,0,1,0,0,0
0.2,1.3416149068322982,0.0,0.5714285714285714,1.0,1.288888888888889,0.2866449511400651,-0.17647058823529413,0,0,1,0,0,0,0,0,0,1,1
0.8,1.5900621118012421,0.75,-1.0,1.335820895522388,0.4333333333333332,0.565472312703583,1.2941176470588236,0,1,0,0,0,0,0,0,0,1,1
-0.6,1.5403726708074534,1.125,-0.14285714285714285,1.0,1.3444444444444446,0.8260586319218243,-0.35294117647058826,0,0,1,0,0,0,0,0,0,1,1
1.2,1.1677018633540373,0.75,-1.0,1.0,-0.13333333333333325,1.2039087947882736,0.17647058823529413,1,0,0,0,0,0,0,0,0,1,1
-0.6,-0.32298136645962733,0.25,-0.14285714285714285,0.0,-1.5111111111111113,0.5550488599348533,-0.11764705882352941,0,0,0,0,1,1,0,0,1,0,0
-0.4,-0.6459627329192547,-0.5,-0.5714285714285714,0.0,-0.31111111111111117,-0.46123778501628665,-0.47058823529411764,0,0,0,1,0,1,0,1,0,0,0
0.2,-0.6459627329192547,-0.125,0.5714285714285714,-0.21641791044776118,0.12222222222222238,0.20065146579804566,-0.4117647058823529,1,0,0,0,0,1,0,1,0,0,0
0.0,0.546583850931677,-1.125,0.5714285714285714,1.0,-0.7111111111111109,0.08599348534201963,-0.4117647058823529,0,0,0,1,0,0,0,0,0,1,1
0.6,0.049689440993788817,-1.375,-0.8571428571428571,1.0970149253731343,-0.5444444444444443,2.472964169381108,0.23529411764705882,0,0,0,1,0,0,0,0,1,0,1
-0.2,0.7204968944099379,0.25,1.0,1.3656716417910448,0.6888888888888892,-0.10423452768729637,0.0,0,1,0,0,0,0,0,0,0,1,0
1.2,1.6645962732919255,0.8125,-1.8571428571428572,1.0,-0.2222222222222222,2.1993485342019548,1.1764705882352942,1,0,0,0,0,0,0,0,0,1,1
1.4,0.12422360248447205,-0.25,-0.14285714285714285,0.0,-0.08888888888888896,-0.28925081433224753,0.7058823529411765,1,0,0,0,0,1,0,0,1,0,0
1.2,0.17391304347826086,-0.125,0.7142857142857143,4.470149253731344,0.3777777777777776,-0.22671009771986977,0.29411764705882354,0,1,0,0,0,0,0,0,1,0,0
-0.4,-0.14906832298136646,0.875,-1.2857142857142858,0.0,-0.21111111111111094,-0.5889250814332248,-0.35294117647058826,1,0,0,0,0,1,0,0,1,0,0
1.2,-0.2732919254658385,-1.25,-0.14285714285714285,0.0,-0.08888888888888896,0.028664495114006542,0.7647058823529411,1,0,0,0,0,1,0,0,1,0,0
-0.2,0.2981366459627329,0.75,-0.14285714285714285,0.0,-0.4444444444444444,-0.22149837133550496,-0.11764705882352941,0,0,0,1,0,1,0,0,0,1,0
-0.2,-0.6708074534161491,0.5,-2.0,-0.7089552238805971,-0.8444444444444446,-0.3127035830618893,-0.29411764705882354,0,0,0,0,0,1,0,1,0,0,0
-0.6,-0.7701863354037267,-0.25,0.5714285714285714,0.0,0.4222222222222219,-0.3413680781758958,-0.23529411764705882,0,1,0,0,0,1,0,1,0,0,0
1.8,-0.6211180124223602,-0.625,-3.0,2.3208955223880596,-0.4888888888888887,1.4514657980456027,0.8823529411764706,0,0,0,1,0,0,0,1,0,0,1
-0.4,-0.09937888198757763,-0.5,1.0,1.0,0.17777777777777792,0.45342019543973955,-0.47058823529411764,1,0,0,0,0,0,0,0,1,0,1
0.0,-0.14906832298136646,-1.0,1.5714285714285714,0.0,-0.21111111111111094,0.48990228013029335,0.058823529411764705,1,0,0,0,0,1,0,0,1,0,0
-0.2,-0.07453416149068323,-0.25,-0.8571428571428571,0.0,-0.36666666666666675,-0.7218241042345278,-0.23529411764705882,0,0,0,1,0,1,0,0,1,0,0
-0.4,1.8881987577639752,-1.375,-1.7142857142857142,4.067164179104478,-0.6777777777777779,0.7452768729641696,-0.29411764705882354,0,0,0,1,0,0,0,0,0,1,0
1.6,0.9440993788819876,0.25,0.0,0.7089552238805971,0.14444444444444413,2.564169381107492,1.2941176470588236,1,0,0,0,0,1,0,0,0,1,1
0.0,1.8385093167701863,-0.25,-1.8571428571428572,0.41044776119402987,-0.12222222222222238,-0.18241042345276876,0.29411764705882354,1,0,0,0,0,1,0,0,0,1,0
0.0,0.5962732919254659,0.15625,0.5714285714285714,1.0,-0.2222222222222222,1.021498371335505,-0.11764705882352941,1,0,0,0,0,0,0,0,0,1,1
0.2,-0.546583850931677,-0.125,0.5714285714285714,0.0,0.01111111111111127,0.6332247557003258,-0.29411764705882354,1,0,0,0,0,1,0,1,0,0,0
0.0,0.6211180124223602,0.5,-1.8571428571428572,0.0,0.04444444444444429,-0.4403908794788273,2.0,1,0,0,0,0,1,0,0,0,1,0
0.2,0.14906832298136646,-0.625,0.5714285714285714,1.0,0.0,-0.37263843648208467,0.35294117647058826,1,0,0,0,0,0,0,0,1,0,1
0.4,-0.5217391304347826,0.125,-1.4285714285714286,-0.5298507462686567,0.17777777777777792,1.636482084690554,0.8235294117647058,1,0,0,0,0,1,0,1,0,0,0
-0.6,0.5217391304347826,0.15625,0.5714285714285714,1.0,0.47777777777777747,1.4697068403908797,-0.23529411764705882,0,1,0,0,0,0,0,0,0,1,1
-0.2,0.2732919254658385,-0.5,2.0,0.0,0.8888888888888888,1.9074918566775245,-0.29411764705882354,0,0,1,0,0,1,0,0,0,1,0
-0.6,-0.37267080745341613,-1.25,-0.14285714285714285,0.0,-0.7666666666666665,-0.7583061889250814,-0.47058823529411764,0,0,0,1,0,1,0,0,1,0,0
-0.2,0.7204968944099379,0.15625,0.5714285714285714,1.0,-0.5,-0.33615635179153097,-0.058823529411764705,0,0,0,1,0,0,0,0,0,1,1
1.4,-0.39751552795031053,0.875,1.2857142857142858,1.0,1.5111111111111113,1.9986970684039087,0.5294117647058824,0,0,1,0,0,0,0,0,1,0,1
-0.2,-0.2236024844720497,-0.625,0.5714285714285714,-0.6940298507462687,-0.7555555555555556,-0.6280130293159609,-0.47058823529411764,0,0,0,1,0,1,0,0,1,0,0
0.0,0.12422360248447205,0.375,-0.14285714285714285,0.0,-1.0,-0.29967426710097717,0.6470588235294118,0,0,0,0,0,1,0,0,1,0,0
-0.4,-1.1428571428571428,0.375,3.142857142857143,-0.8582089552238806,0.13333333333333364,0.13811074918566774,-0.47058823529411764,1,0,0,0,0,1,0,1,0,0,0
2.0,-0.2732919254658385,-0.125,-0.14285714285714285,0.0,0.24444444444444477,-0.30749185667752443,1.3529411764705883,1,0,0,0,0,1,0,0,1,0,0
-0.2,-0.422360248447205,-0.125,3.4285714285714284,-0.6791044776119403,0.9444444444444444,0.8026058631921826,-0.23529411764705882,0,0,1,0,0,1,0,0,1,0,0
0.8,-0.2732919254658385,-0.75,-0.5714285714285714,1.0,-0.6111111111111112,-0.190228013029316,0.0,0,0,0,1,0,0,0,0,1,0,1
-0.6,-0.32298136645962733,-0.5,-0.7142857142857143,0.20149253731343283,-0.46666666666666656,0.22149837133550496,-0.35294117647058826,0,0,0,1,0,1,0,0,1,0,0
0.4,-0.07453416149068323,0.125,-0.14285714285714285,0.0,-0.7888888888888891,0.977198697068404,1.6470588235294117,0,0,0,0,0,1,0,0,1,0,0
-0.2,-0.2236024844720497,-0.625,-2.5714285714285716,2.6194029850746268,-0.7444444444444444,1.3342019543973942,-0.4117647058823529,0,0,0,1,0,0,0,0,1,0,0
-0.6,0.7204968944099379,-0.125,0.5714285714285714,1.0,0.6555555555555554,-0.09120521172638431,-0.058823529411764705,0,1,0,0,0,0,0,0,0,1,1
1.4,0.2981366459627329,0.25,0.0,0.291044776119403,0.4333333333333332,-0.23192182410423445,0.5882352941176471,0,1,0,0,0,1,0,0,0,1,0
0.8,0.39751552795031053,1.0,-1.8571428571428572,0.7835820895522388,0.04444444444444429,-0.2788273615635179,0.47058823529411764,1,0,0,0,0,1,0,0,0,1,0
0.8,1.093167701863354,0.875,0.5714285714285714,1.0,-0.17777777777777792,-0.5315960912052117,1.0588235294117647,1,0,0,0,0,0,0,0,0,1,1
-0.2,-0.2236024844720497,0.5,0.5714285714285714,1.0,-0.5555555555555556,-0.2866449511400651,1.3529411764705883,0,0,0,1,0,0,0,0,1,0,1
0.8,0.4720496894409938,0.125,-0.2857142857142857,0.48507462686567165,-0.6666666666666666,0.7244299674267102,1.2941176470588236,0,0,0,1,0,1,0,0,0,1,0
0.4,0.9440993788819876,0.75,2.2857142857142856,6.604477611940299,0.7444444444444448,0.6514657980456027,0.29411764705882354,0,1,0,0,0,0,0,0,0,1,0
-0.4,0.049689440993788817,0.875,1.5714285714285714,1.7537313432835822,1.5111111111111113,1.1439739413680783,0.0,0,0,1,0,0,0,0,0,1,0,1
0.2,-0.5217391304347826,-1.0,-1.5714285714285714,-0.7985074626865671,-1.2444444444444445,-0.07557003257328983,-0.17647058823529413,0,0,0,0,0,1,0,1,0,0,0
0.4,-0.2236024844720497,0.0,2.142857142857143,-0.41044776119402987,0.4555555555555557,-0.27622149837133547,0.23529411764705882,0,1,0,0,0,1,0,0,1,0,0
-0.6,-0.968944099378882,1.0,0.14285714285714285,-0.9328358208955224,0.5444444444444443,0.1693811074918567,-0.47058823529411764,0,1,0,0,0,1,0,1,0,0,0
-0.6,-0.2484472049689441,-0.625,0.2857142857142857,-0.4253731343283582,0.5111111111111113,1.0110749185667753,-0.23529411764705882,0,1,0,0,0,1,0,0,1,0,1
-0.2,0.2732919254658385,0.375,1.2857142857142858,1.1865671641791045,1.2555555555555553,2.228013029315961,0.11764705882352941,0,0,1,0,0,0,0,0,0,1,1
-0.4,0.2732919254658385,-1.5,2.4285714285714284,1.3656716417910448,0.9444444444444444,0.6358306188925081,-0.29411764705882354,0,0,1,0,0,0,0,0,0,1,1
-0.6,1.093167701863354,-1.375,-0.14285714285714285,0.0,-1.1222222222222225,-0.29967426710097717,2.1176470588235294,0,0,0,0,0,1,0,0,0,1,0
0.6,0.84472049689441,-0.625,0.42857142857142855,0.26119402985074625,0.3888888888888889,0.8416938110749185,-0.058823529411764705,0,1,0,0,0,1,0,0,0,1,0
-0.2,0.7204968944099379,-0.125,1.4285714285714286,3.843283582089552,-0.4444444444444444,-0.08338762214983707,0.0,0,0,0,1,0,0,0,0,0,1,1
-0.6,0.2236024844720497,0.75,0.14285714285714285,1.6791044776119404,-0.14444444444444451,0.39348534201954405,-0.29411764705882354,1,0,0,0,0,0,0,0,1,0,0
2.2,-0.422360248447205,0.375,-0.42857142857142855,1.2164179104477613,0.5111111111111113,0.1120521172638436,1.0,0,1,0,0,0,0,0,0,1,0,1
1.0,-0.12422360248447205,0.0,-0.14285714285714285,0.0,-0.9333333333333331,1.2273615635179154,1.7058823529411764,0,0,0,0,0,1,0,0,1,0,0
-0.6,1.2422360248447204,0.15625,0.5714285714285714,1.0,0.03333333333333302,1.224755700325733,0.058823529411764705,1,0,0,0,0,0,0,0,0,1,1
-0.2,0.6708074534161491,-0.875,0.7142857142857143,0.48507462686567165,-0.04444444444444429,0.13811074918566774,-0.23529411764705882,1,0,0,0,0,1,0,0,0,1,1
0.4,-0.9937888198757764,0.625,1.8571428571428572,-0.9029850746268657,0.4222222222222219,-0.5550488599348534,0.35294117647058826,0,1,0,0,0,1,0,1,0,0,0
0.4,-0.049689440993788817,1.625,0.5714285714285714,1.0,2.322222222222222,-0.4169381107491857,-0.058823529411764705,0,0,1,0,0,0,0,0,1,0,1
0.0,0.8198757763975155,0.25,-0.14285714285714285,0.0,-1.2222222222222223,-0.42214983713355053,0.47058823529411764,0,0,0,0,0,1,0,0,0,1,0
-0.2,0.07453416149068323,0.25,1.2857142857142858,0.03731343283582089,0.8555555555555558,-0.4013029315960912,0.0,0,1,0,0,0,1,0,0,1,0,0
1.4,1.093167701863354,-0.25,-0.7142857142857143,0.44029850746268656,-0.7222222222222222,-0.1120521172638436,1.0588235294117647,0,0,0,1,0,1,0,0,0,1,1
-0.6,0.4968944099378882,-0.25,-2.0,0.6791044776119403,-0.7999999999999999,-0.5889250814332248,-0.47058823529411764,0,0,0,0,0,1,0,0,0,1,0
-0.6,0.2732919254658385,-0.25,-1.2857142857142858,1.1567164179104477,-0.16666666666666666,2.6631921824104237,-0.23529411764705882,1,0,0,0,0,0,0,0,0,1,1
-0.2,0.17391304347826086,-0.25,0.0,1.5298507462686568,0.09999999999999984,1.3185667752442998,0.058823529411764705,1,0,0,0,0,0,0,0,1,0,1
0.6,-0.9192546583850931,-0.375,0.2857142857142857,0.0,-0.6444444444444445,-0.14592833876221498,0.7058823529411765,0,0,0,1,0,1,0,1,0,0,0
-0.6,-0.2732919254658385,-0.125,1.2857142857142858,0.6791044776119403,0.8222222222222221,0.6149837133550489,-0.4117647058823529,0,1,0,0,0,1,0,0,1,0,0
-0.2,0.9440993788819876,0.125,-1.5714285714285714,-0.09701492537313433,-0.5999999999999999,0.16677524429967427,-0.11764705882352941,0,0,0,1,0,1,0,0,0,1,1
0.0,-0.09937888198757763,-1.375,-2.5714285714285716,-0.26119402985074625,-0.2777777777777778,0.6697068403908796,-0.23529411764705882,0,0,0,1,0,1,0,0,1,0,0
0.8,-0.19875776397515527,0.5,0.42857142857142855,1.0,0.4333333333333332,1.9752442996742672,0.8235294117647058,0,1,0,0,0,0,0,0,1,0,1
-0.2,-0.12422360248447205,-0.25,-0.8571428571428571,-0.12686567164179105,0.2333333333333335,-0.14071661237785016,-0.17647058823529413,1,0,0,0,0,1,0,0,1,0,0
0.0,-0.4472049689440994,0.5,-2.4285714285714284,-0.5746268656716418,-1.411111111111111,-0.22149837133550496,0.058823529411764705,0,0,0,0,0,1,0,1,0,0,0
0.0,1.6149068322981366,0.125,0.5714285714285714,1.0,-0.16666666666666666,-0.06254071661237791,0.0,1,0,0,0,0,0,0,0,0,1,1
0.0,-0.049689440993788817,-0.375,1.5714285714285714,0.5597014925373134,0.6777777777777779,-0.570684039087948,-0.058823529411764705,0,1,0,0,0,1,0,0,1,0,0
0.6,1.9130434782608696,0.375,0.5714285714285714,1.0,-0.9444444444444444,-0.6254071661237786,1.7647058823529411,0,0,0,0,0,0,0,0,0,1,1
0.2,0.2981366459627329,-0.75,-2.2857142857142856,1.9179104477611941,-0.5,0.41172638436482095,0.11764705882352941,0,0,0,1,0,0,0,0,0,1,0
0.0,-0.12422360248447205,0.125,0.2857142857142857,1.0,-0.04444444444444429,-0.4482084690553746,-0.23529411764705882,1,0,0,0,0,0,0,0,1,0,1
-0.6,0.17391304347826086,-0.125,-1.1428571428571428,1.0,-0.5111111111111113,-0.29967426710097717,0.4117647058823529,0,0,0,1,0,0,0,0,1,0,1
2.0,0.8695652173913043,1.125,0.7142857142857143,-1.0970149253731343,-0.5777777777777777,0.9433224755700326,0.8235294117647058,0,0,0,1,0,1,0,0,0,1,1
-0.2,-0.12422360248447205,0.1875,0.5714285714285714,0.0,0.4111111111111114,-0.5758957654723127,-0.47058823529411764,0,1,0,0,0,1,0,0,1,0,0
-0.4,0.9937888198757764,0.0,-1.0,0.9776119402985075,-0.7111111111111109,-0.641042345276873,-0.29411764705882354,0,0,0,1,0,0,0,0,0,1,0
-0.4,0.12422360248447205,-0.5,0.5714285714285714,0.7985074626865671,0.3444444444444446,0.8416938110749185,0.058823529411764705,0,1,0,0,0,1,0,0,1,0,1
1.4,1.5403726708074534,-0.125,-0.14285714285714285,0.0,0.3444444444444446,-0.4403908794788273,0.47058823529411764,0,1,0,0,0,1,0,0,0,1,0
-0.2,-0.37267080745341613,0.875,1.1428571428571428,0.26119402985074625,1.5,-0.6306188925081433,-0.35294117647058826,0,0,1,0,0,1,0,0,1,0,1
0.6,-0.2981366459627329,-0.125,0.5714285714285714,-0.5149253731343284,-0.13333333333333325,-0.6436482084690553,0.47058823529411764,1,0,0,0,0,1,0,0,1,0,0
1.0,0.024844720496894408,0.0,-1.2857142857142858,0.0,-0.9888888888888887,2.8846905537459286,1.0,0,0,0,0,0,1,0,0,1,0,0
-0.2,-0.7453416149068323,-0.875,-1.7142857142857142,-0.753731343283582,0.0777777777777781,-0.5289902280130293,-0.23529411764705882,1,0,0,0,0,1,0,1,0,0,0
-0.4,1.565217391304348,0.15625,0.5714285714285714,1.0,1.2555555555555553,-0.22671009771986977,0.7058823529411765,0,0,1,0,0,0,0,0,0,1,1
1.8,-0.2732919254658385,0.5,-0.14285714285714285,0.0,-0.9333333333333331,-0.6045602605863192,0.8823529411764706,0,0,0,0,0,1,0,0,1,0,0
-0.4,-0.546583850931677,-0.75,-1.4285714285714286,-0.664179104477612,-0.9000000000000001,-0.28403908794788274,-0.4117647058823529,0,0,0,0,0,1,0,1,0,0,0
-0.6,1.1925465838509317,0.25,2.142857142857143,2.2761194029850746,1.7666666666666666,-0.2866449511400651,-0.17647058823529413,0,0,1,0,0,0,0,0,0,1,0
-0.6,0.0,-0.125,-0.14285714285714285,0.0,0.19999999999999968,1.4671009771986974,0.8823529411764706,1,0,0,0,0,1,0,0,1,0,0
0.4,-0.049689440993788817,0.25,0.5714285714285714,1.0,-0.08888888888888896,-0.06775244299674259,0.8823529411764706,1,0,0,0,0,0,0,0,1,0,1
1.2,0.8695652173913043,0.375,0.8571428571428571,1.0223880597014925,0.24444444444444477,1.3654723127035833,0.23529411764705882,1,0,0,0,0,0,0,0,0,1,1
0.8,1.515527950310559,0.75,0.5714285714285714,1.0,0.8777777777777777,-0.09902280130293155,0.7058823529411765,0,1,0,0,0,0,0,0,0,1,1
-0.4,0.32298136645962733,-0.125,-2.142857142857143,0.03731343283582089,-0.6777777777777779,0.26840390879478826,-0.4117647058823529,0,0,0,1,0,1,0,0,0,1,0
-0.4,-0.546583850931677,0.125,-1.0,-0.44029850746268656,-0.6777777777777779,0.7921824104234529,0.4117647058823529,0,0,0,1,0,1,0,1,0,0,0
-0.4,-0.2484472049689441,-0.25,1.0,0.0,0.0,0.05211726384364826,-0.4117647058823529,1,0,0,0,0,1,0,0,1,0,0
0.4,0.12422360248447205,0.875,-0.14285714285714285,0.0,0.3000000000000003,-0.20586319218241048,0.23529411764705882,1,0,0,0,0,1,0,0,1,0,0
1.0,-0.546583850931677,0.0,-0.14285714285714285,0.0,0.533333333333333,0.3022801302931596,1.6470588235294117,0,1,0,0,0,1,0,1,0,0,0
1.0,0.2236024844720497,1.0,1.1428571428571428,0.08208955223880597,0.7222222222222222,-0.05211726384364826,1.1764705882352942,0,1,0,0,0,1,0,0,1,0,0
-0.4,0.546583850931677,-1.625,-1.2857142857142858,-0.291044776119403,-0.36666666666666675,0.7426710097719871,-0.4117647058823529,0,0,0,1,0,1,0,0,0,1,0
0.0,-0.024844720496894408,-0.125,-0.14285714285714285,0.0,-0.9444444444444444,-0.4742671009771987,-0.35294117647058826,0,0,0,0,0,1,0,0,1,0,0
0.0,-0.4472049689440994,-0.625,-1.2857142857142858,-0.4253731343283582,-1.1333333333333333,-0.23452768729641688,-0.17647058823529413,0,0,0,0,0,1,0,1,0,0,0
0.4,0.5714285714285714,0.5,0.5714285714285714,1.0,1.0,-0.05993485342019549,0.47058823529411764,0,0,1,0,0,0,0,0,0,1,1
0.2,-0.6211180124223602,0.5,-0.14285714285714285,0.0,1.1333333333333337,-0.3439739413680782,0.0,0,0,1,0,0,1,0,1,0,0,0
0.2,0.4968944099378882,0.75,-0.14285714285714285,0.0,-0.08888888888888896,-0.304885993485342,0.058823529411764705,1,0,0,0,0,1,0,0,0,1,0
0.0,-1.391304347826087,0.625,0.0,0.0,0.2666666666666665,-0.32833876221498376,1.0,1,0,0,0,0,1,1,0,0,0,0
-0.4,-0.6708074534161491,-0.625,-2.2857142857142856,-0.8880597014925373,-0.5333333333333334,0.5498371335504886,-0.29411764705882354,0,0,0,1,0,1,0,1,0,0,0
0.0,-0.6708074534161491,0.375,-0.14285714285714285,0.0,1.188888888888889,0.49511400651465814,-0.47058823529411764,0,0,1,0,0,1,0,1,0,0,0
1.2,1.1925465838509317,1.0,0.5714285714285714,1.0,-0.17777777777777792,-0.17459283387622151,1.1764705882352942,1,0,0,0,0,0,0,0,0,1,1
-0.4,0.19875776397515527,-1.375,1.7142857142857142,0.9626865671641791,0.14444444444444413,1.5452768729641695,-0.058823529411764705,1,0,0,0,0,0,0,0,1,0,1
2.0,0.2981366459627329,0.15625,0.2857142857142857,1.0,0.8777777777777777,0.521172638436482,0.8823529411764706,0,1,0,0,0,0,0,0,0,1,1
1.8,-0.7204968944099379,0.125,1.7142857142857142,-0.7238805970149254,0.36666666666666636,0.023452768729641717,1.1176470588235294,0,1,0,0,0,1,0,1,0,0,0
-0.4,1.9627329192546583,0.25,1.1428571428571428,2.1865671641791047,0.5,1.3185667752442998,0.0,0,1,0,0,0,0,0,0,0,1,1
0.4,1.7888198757763976,-0.5,0.7142857142857143,3.3208955223880596,-0.08888888888888896,0.5576547231270358,0.0,1,0,0,0,0,0,0,0,0,1,1
0.4,1.0186335403726707,-0.125,-0.14285714285714285,0.0,-0.24444444444444435,-0.42214983713355053,2.0,0,0,0,1,0,1,0,0,0,1,0
0.4,-0.34782608695652173,2.25,1.2857142857142858,0.0,0.8000000000000003,-0.16677524429967427,2.1176470588235294,0,1,0,0,0,1,0,0,1,0,0
0.2,0.7204968944099379,0.375,0.5714285714285714,1.0,0.7222222222222222,0.39348534201954405,2.235294117647059,0,1,0,0,0,0,0,0,0,1,1
0.2,0.7453416149068323,0.125,-0.42857142857142855,2.843283582089552,0.3222222222222221,0.0416938110749186,0.058823529411764705,1,0,0,0,0,0,0,0,0,1,0
0.4,-0.4472049689440994,-1.125,0.0,-0.291044776119403,0.2222222222222222,0.3387622149837134,0.058823529411764705,1,0,0,0,0,1,0,1,0,0,0
0.6,0.17391304347826086,0.0,0.5714285714285714,1.0,-0.4888888888888887,-0.0026058631921824127,0.0,0,0,0,1,0,0,0,0,1,0,1
-0.6,-0.39751552795031053,-0.5,-1.5714285714285714,0.0,-1.2222222222222223,-0.304885993485342,-0.47058823529411764,0,0,0,0,0,1,0,0,1,0,0
0.0,-0.8944099378881988,0.875,-1.7142857142857142,-0.5447761194029851,-0.5,-0.16416938110749188,-0.4117647058823529,0,0,0,1,0,1,0,1,0,0,0
-0.4,0.39751552795031053,1.875,0.0,0.5597014925373134,0.08888888888888857,-0.3517915309446254,0.9411764705882353,1,0,0,0,0,1,0,0,0,1,1
0.0,1.391304347826087,0.625,2.857142857142857,5.41044776119403,0.7111111111111109,4.6071661237785015,-0.23529411764705882,0,1,0,0,0,0,0,0,0,1,1
-0.6,0.024844720496894408,-0.5,-0.7142857142857143,-0.20149253731343283,-0.21111111111111094,3.5491856677524436,-0.47058823529411764,1,0,0,0,0,1,0,0,1,0,0
-0.6,-0.8198757763975155,-0.5,-0.8571428571428571,-0.5447761194029851,0.4222222222222219,0.4586319218241044,-0.47058823529411764,0,1,0,0,0,1,0,1,0,0,0
-0.2,-0.2981366459627329,-0.875,1.7142857142857142,-0.12686567164179105,0.3222222222222221,-0.3752442996742671,-0.23529411764705882,1,0,0,0,0,1,0,0,1,0,0
-0.2,0.12422360248447205,-1.25,2.142857142857143,0.8283582089552238,0.466666666666667,1.1648208469055374,-0.058823529411764705,0,1,0,0,0,1,0,0,1,0,0
1.8,0.5714285714285714,0.625,2.142857142857143,3.3208955223880596,0.8000000000000003,0.4143322475570034,1.7058823529411764,0,1,0,0,0,0,0,0,0,1,1
-0.6,-0.4720496894409938,0.625,-1.8571428571428572,-0.27611940298507465,-0.7555555555555556,-0.18241042345276876,-0.4117647058823529,0,0,0,1,0,1,0,1,0,0,0
-0.4,-0.7453416149068323,-0.75,1.2857142857142858,-0.41044776119402987,0.5777777777777781,0.3648208469055375,-0.4117647058823529,0,1,0,0,0,1,0,1,0,0,0
0.2,0.968944099378882,0.1875,0.5714285714285714,1.0,1.811111111111111,-0.3413680781758958,0.17647058823529413,0,0,1,0,0,0,0,0,0,1,1
-0.6,-0.5962732919254659,1.75,1.5714285714285714,-0.4552238805970149,1.2666666666666666,1.6990228013029314,0.35294117647058826,0,0,1,0,0,1,0,1,0,0,0
-0.4,-0.2484472049689441,0.0,0.2857142857142857,-0.30597014925373134,-0.13333333333333325,1.1778501628664495,-0.29411764705882354,1,0,0,0,0,1,0,0,1,0,0
-0.6,-0.2981366459627329,-0.25,-0.8571428571428571,0.0,-1.3333333333333333,-0.3465798045602606,-0.4117647058823529,0,0,0,0,0,1,0,0,1,0,0
-0.4,-0.19875776397515527,-0.75,-2.857142857142857,1.1865671641791045,-0.7333333333333335,1.506188925081433,-0.47058823529411764,0,0,0,1,0,0,0,0,1,0,0
-0.4,-0.6708074534161491,-0.625,-1.4285714285714286,-0.6492537313432836,-0.7666666666666665,2.342671009771987,-0.23529411764705882,0,0,0,1,0,1,0,1,0,0,0
-0.4,0.19875776397515527,-0.125,-0.5714285714285714,0.11194029850746269,-0.8555555555555555,-0.3856677524429967,-0.23529411764705882,0,0,0,0,0,1,0,0,1,0,0
-0.4,0.049689440993788817,-1.125,-2.142857142857143,-0.7835820895522388,-1.0777777777777777,-0.4273615635179154,-0.29411764705882354,0,0,0,0,0,1,0,0,1,0,0
0.4,-0.024844720496894408,0.125,0.14285714285714285,1.0,0.03333333333333302,0.7583061889250816,0.35294117647058826,1,0,0,0,0,0,0,0,1,0,1
1.0,-0.2981366459627329,1.75,1.1428571428571428,1.0,1.2555555555555553,-0.3387622149837134,0.9411764705882353,0,0,1,0,0,0,0,0,1,0,1
0.4,0.6708074534161491,0.625,-0.2857142857142857,2.7238805970149254,0.0,0.2162866449511401,1.7058823529411764,1,0,0,0,0,0,0,0,0,1,1
0.0,-0.422360248447205,-0.25,-0.7142857142857143,-0.3208955223880597,-0.04444444444444429,1.511400651465798,-0.058823529411764705,1,0,0,0,0,1,0,0,1,0,0
-0.4,-0.422360248447205,-0.375,0.14285714285714285,1.3955223880597014,0.0,0.1954397394136808,0.7647058823529411,1,0,0,0,0,0,0,0,1,0,0
0.4,1.2173913043478262,0.25,0.5714285714285714,1.0,1.5222222222222226,-0.07557003257328983,-0.11764705882352941,0,0,1,0,0,0,0,0,0,1,1
-0.4,0.34782608695652173,-0.5,-2.0,4.664179104477612,-0.9222222222222223,0.05211726384364826,-0.47058823529411764,0,0,0,0,0,0,0,0,0,1,0
0.2,-0.024844720496894408,0.0,-2.2857142857142856,-0.23134328358208955,-1.0999999999999999,0.24495114006514668,0.47058823529411764,0,0,0,0,0,1,0,0,1,0,0
0.2,1.0186335403726707,0.375,0.5714285714285714,1.0,0.09999999999999984,1.1309446254071662,0.11764705882352941,1,0,0,0,0,0,0,0,0,1,1
-0.2,0.2484472049689441,-0.875,-0.5714285714285714,2.574626865671642,-0.47777777777777786,3.2078175895765475,-0.23529411764705882,0,0,0,1,0,0,0,0,0,1,0
0.0,-0.5217391304347826,-1.0,0.8571428571428571,0.1865671641791045,-0.8111111111111112,1.498371335504886,0.5882352941176471,0,0,0,0,0,1,0,1,0,0,0
-0.6,0.34782608695652173,-0.375,1.7142857142857142,1.0,0.25555555555555526,-0.450814332247557,-0.4117647058823529,1,0,0,0,0,0,0,0,0,1,1
0.0,-0.8695652173913043,-0.125,-0.14285714285714285,0.0,-1.211111111111111,0.05211726384364826,-0.23529411764705882,0,0,0,0,0,1,0,1,0,0,0
0.0,1.8881987577639752,-0.125,0.42857142857142855,1.0,0.3222222222222221,-0.33355048859934855,-0.23529411764705882,1,0,0,0,0,0,0,0,0,1,1
0.2,-0.546583850931677,-0.5,0.5714285714285714,1.0,0.0,-0.5420195439739414,0.11764705882352941,1,0,0,0,0,0,0,1,0,0,1
0.6,0.4968944099378882,-0.6875,-0.14285714285714285,0.0,-0.8666666666666667,-0.5680781758957655,1.5294117647058822,0,0,0,0,0,1,0,0,0,1,0
0.4,0.4720496894409938,0.75,1.8571428571428572,-0.21641791044776118,0.3333333333333333,-0.2162866449511401,0.35294117647058826,0,1,0,0,0,1,0,0,0,1,1
1.2,-1.1180124223602483,0.375,-0.42857142857142855,0.0,-0.04444444444444429,-0.23192182410423445,0.5294117647058824,1,0,0,0,0,1,0,1,0,0,0
0.4,1.2670807453416149,-0.5,0.5714285714285714,1.0,0.09999999999999984,-0.609771986970684,0.7058823529411765,1,0,0,0,0,0,0,0,0,1,1
-0.2,0.14906832298136646,-1.5,0.5714285714285714,0.9328358208955224,1.1222222222222225,0.39348534201954405,-0.17647058823529413,0,0,1,0,0,1,0,0,1,0,0
0.2,-0.049689440993788817,0.0,0.5714285714285714,1.0,-0.3444444444444446,0.01824104234527689,1.0,0,0,0,1,0,0,0,0,1,0,1
-0.6,-0.39751552795031053,-0.625,-0.14285714285714285,0.0,-1.1222222222222225,-0.08599348534201948,-0.23529411764705882,0,0,0,0,0,1,0,0,1,0,0
1.0,1.9875776397515528,0.125,0.5714285714285714,1.0,-0.6777777777777779,2.142019543973942,0.5882352941176471,0,0,0,1,0,0,0,0,0,1,1
-0.4,1.3664596273291925,-0.25,3.0,7.111940298507463,1.1555555555555554,0.8677524429967426,-0.058823529411764705,0,0,1,0,0,0,0,0,0,1,1
0.6,-0.37267080745341613,1.125,1.5714285714285714,0.0,0.4111111111111114,0.7947882736156353,-0.058823529411764705,0,1,0,0,0,1,0,0,1,0,0
-0.4,-0.12422360248447205,0.0,0.2857142857142857,1.0970149253731343,0.2666666666666665,0.4143322475570034,-0.23529411764705882,1,0,0,0,0,0,0,0,1,0,0
-0.4,0.6459627329192547,0.75,-0.7142857142857143,3.0970149253731343,1.1555555555555554,1.8423452768729645,-0.4117647058823529,0,0,1,0,0,0,0,0,0,1,0
-0.4,0.6459627329192547,0.125,-0.8571428571428571,-0.6194029850746269,-0.6444444444444445,-0.2944625407166124,-0.47058823529411764,0,0,0,1,0,1,0,0,0,1,0
-0.6,0.5217391304347826,-0.75,1.0,0.9626865671641791,0.28888888888888903,0.42996742671009786,-0.47058823529411764,1,0,0,0,0,0,0,0,0,1,1
0.0,1.391304347826087,0.75,0.7142857142857143,5.544776119402985,0.4111111111111114,-0.28925081433224753,-0.4117647058823529,0,1,0,0,0,0,0,0,0,1,1
-0.4,-0.4968944099378882,-0.25,-1.0,0.0,-0.5333333333333334,1.89185667752443,-0.4117647058823529,0,0,0,1,0,1,0,1,0,0,0
0.2,0.6708074534161491,0.625,0.5714285714285714,1.0,0.7222222222222222,0.4820846905537461,0.47058823529411764,0,1,0,0,0,0,0,0,0,1,1
-0.4,-0.84472049689441,-0.25,-0.14285714285714285,0.0,-1.5333333333333334,0.6644951140065147,-0.11764705882352941,0,0,0,0,1,1,0,1,0,0,0
0.0,0.2981366459627329,-0.5,0.14285714285714285,0.1865671641791045,-0.6222222222222223,-0.39087947882736157,-0.058823529411764705,0,0,0,1,0,1,0,0,0,1,1
-0.4,0.049689440993788817,1.0,1.8571428571428572,1.007462686567164,1.4777777777777774,0.35960912052117266,-0.17647058823529413,0,0,1,0,0,0,0,0,1,0,0
-0.2,-0.5714285714285714,-0.25,-1.4285714285714286,-0.39552238805970147,-0.6666666666666666,0.5003257328990229,-0.47058823529411764,0,0,0,1,0,1,0,1,0,0,0
-0.6,-0.37267080745341613,-0.5,2.5714285714285716,-0.3656716417910448,0.9555555555555557,0.3309446254071661,-0.47058823529411764,0,0,1,0,0,1,0,0,1,0,0
-0.2,-0.049689440993788817,-0.5,-0.8571428571428571,0.0,-0.13333333333333325,0.1355048859934853,-0.47058823529411764,1,0,0,0,0,1,0,0,1,0,0
1.0,0.84472049689441,0.375,0.5714285714285714,1.6044776119402986,1.211111111111111,0.3830618892508144,0.4117647058823529,0,0,1,0,0,0,0,0,0,1,1
0.2,1.6645962732919255,0.375,1.5714285714285714,2.6044776119402986,0.5555555555555556,-0.27361563517915305,0.11764705882352941,0,1,0,0,0,0,0,0,0,1,1
-0.6,-0.5714285714285714,-0.125,-0.14285714285714285,0.0,-0.21111111111111094,-0.2944625407166124,-0.23529411764705882,1,0,0,0,0,1,0,1,0,0,0
-0.4,1.5900621118012421,-0.5,0.2857142857142857,1.1567164179104477,0.2333333333333335,-0.10684039087947879,0.5294117647058824,1,0,0,0,0,0,0,0,0,1,1
-0.6,0.4472049689440994,1.375,2.5714285714285716,0.6343283582089553,0.9555555555555557,-0.22149837133550496,-0.17647058823529413,0,0,1,0,0,1,0,0,0,1,0
-0.4,-0.546583850931677,0.625,-0.42857142857142855,1.1567164179104477,0.3333333333333333,-0.35439739413680776,0.8235294117647058,0,1,0,0,0,0,0,1,0,0,1
-0.2,-0.4472049689440994,-0.125,-0.14285714285714285,0.0,-1.088888888888889,-0.6801302931596092,-0.35294117647058826,0,0,0,0,0,1,0,1,0,0,0
0.0,-0.6956521739130435,0.125,-1.7142857142857142,-0.26119402985074625,-0.17777777777777792,0.4742671009771989,0.5294117647058824,1,0,0,0,0,1,0,1,0,0,0
-0.4,-0.9192546583850931,0.125,-2.4285714285714284,-0.6343283582089553,-0.2222222222222222,0.41172638436482095,-0.4117647058823529,1,0,0,0,0,1,0,1,0,0,0
-0.2,0.546583850931677,0.1875,-0.14285714285714285,0.0,-0.7111111111111109,-0.5263843648208469,0.0,0,0,0,1,0,1,0,0,0,1,0
-0.4,-0.6708074534161491,-0.25,-2.857142857142857,0.0,-0.8333333333333334,2.0039087947882734,0.4117647058823529,0,0,0,0,0,1,0,1,0,0,0
-0.6,0.5962732919254659,0.15625,0.5714285714285714,1.0,1.1555555555555554,-0.4273615635179154,0.0,0,0,1,0,0,0,0,0,0,1,1
1.8,0.5714285714285714,0.8125,0.7142857142857143,0.0,0.5999999999999999,-0.32573289902280134,0.7058823529411765,0,1,0,0,0,1,0,0,0,1,0
0.4,0.7453416149068323,0.1875,-0.14285714285714285,0.0,-0.2333333333333335,0.1693811074918567,-0.058823529411764705,0,0,0,1,0,1,0,0,0,1,0
-0.4,-0.4968944099378882,-0.125,-1.8571428571428572,0.0,-1.5333333333333334,-0.5785016286644952,-0.47058823529411764,0,0,0,0,1,1,0,1,0,0,0
0.6,-0.2484472049689441,1.0,-0.14285714285714285,0.0,0.533333333333333,0.932899022801303,0.11764705882352941,0,1,0,0,0,1,0,0,1,0,0
-0.6,1.7888198757763976,2.0,-0.42857142857142855,1.0,0.25555555555555526,0.1719869706840391,0.7058823529411765,1,0,0,0,0,0,0,0,0,1,1
-0.2,-0.84472049689441,-0.375,-0.7142857142857143,-0.7835820895522388,0.02222222222222254,0.33355048859934855,-0.4117647058823529,1,0,0,0,0,1,0,1,0,0,0
0.2,0.0,-0.5,-0.14285714285714285,0.26119402985074625,0.13333333333333364,-0.36221498371335503,-0.29411764705882354,1,0,0,0,0,1,0,0,1,0,0
1.0,-0.2236024844720497,-0.125,0.5714285714285714,1.0,-0.16666666666666666,1.5270358306188925,0.23529411764705882,1,0,0,0,0,0,0,0,1,0,1
0.2,0.0,-0.625,-2.2857142857142856,1.0,-0.25555555555555565,0.028664495114006542,0.058823529411764705,0,0,0,1,0,0,0,0,1,0,1
-0.4,-0.422360248447205,0.0,-2.2857142857142856,-0.48507462686567165,-0.7444444444444444,0.7530944625407168,-0.058823529411764705,0,0,0,1,0,1,0,0,1,0,0
-0.6,-0.546583850931677,0.5,2.4285714285714284,-0.15671641791044777,0.5,-0.10162866449511396,-0.17647058823529413,0,1,0,0,0,1,0,1,0,0,0
-0.6,-0.32298136645962733,-0.5,1.2857142857142858,-0.5746268656716418,0.17777777777777792,0.36742671009771993,-0.4117647058823529,1,0,0,0,0,1,0,0,1,0,1
-0.6,0.07453416149068323,0.125,-1.4285714285714286,-0.5895522388059702,-0.16666666666666666,-0.21889250814332253,-0.17647058823529413,1,0,0,0,0,1,0,0,1,0,0
-0.4,-0.8695652173913043,-0.5,-2.142857142857143,-0.11194029850746269,-1.2000000000000002,0.11986970684039085,-0.35294117647058826,0,0,0,0,0,1,0,1,0,0,0
-0.2,0.422360248447205,-0.125,0.5714285714285714,1.0,-0.3444444444444446,0.4508143322475571,-0.35294117647058826,0,0,0,1,0,0,0,0,0,1,1
-0.6,-0.6459627329192547,-0.25,0.5714285714285714,1.6044776119402986,0.8777777777777777,0.031270358306188954,-0.23529411764705882,0,1,0,0,0,0,0,1,0,0,0
-0.2,0.049689440993788817,-0.125,-0.14285714285714285,0.0,-1.3777777777777775,1.206514657980456,2.5294117647058822,0,0,0,0,0,1,0,0,1,0,0
-0.2,-0.422360248447205,-1.125,0.0,0.03731343283582089,0.6444444444444442,0.33615635179153097,-0.29411764705882354,0,1,0,0,0,1,0,0,1,0,0
2.2,1.4409937888198758,-0.625,0.2857142857142857,1.0,0.17777777777777792,-0.4091205211726385,0.5294117647058824,1,0,0,0,0,0,0,0,0,1,1
-0.4,0.4472049689440994,-1.125,-0.14285714285714285,0.0,-0.588888888888889,0.8286644951140067,1.9411764705882353,0,0,0,1,0,1,0,0,0,1,0
0.4,-0.7701863354037267,-0.25,0.0,-0.4701492537313433,-0.20000000000000007,-0.013029315960912065,-0.29411764705882354,1,0,0,0,0,1,0,1,0,0,0
1.4,0.7701863354037267,0.75,2.857142857142857,2.0074626865671643,0.6222222222222223,1.6469055374592831,1.2941176470588236,0,1,0,0,0,0,0,0,0,1,1
1.2,0.07453416149068323,0.0,-0.8571428571428571,-0.6940298507462687,-1.2444444444444445,0.9485342019543974,1.1176470588235294,0,0,0,0,0,1,0,0,1,0,0
-0.4,-1.1428571428571428,-0.625,-0.14285714285714285,0.0,-1.1333333333333333,0.12247557003257326,-0.17647058823529413,0,0,0,0,0,1,0,1,0,0,0
1.0,-1.0683229813664596,-0.125,1.7142857142857142,-0.7985074626865671,0.36666666666666636,0.8755700325732898,0.5882352941176471,0,1,0,0,0,1,0,1,0,0,0
0.4,-0.7204968944099379,0.375,0.2857142857142857,0.0,-0.4888888888888887,-0.28925081433224753,0.47058823529411764,0,0,0,1,0,1,0,1,0,0,0
1.4,-0.049689440993788817,1.625,-0.14285714285714285,0.0,-0.8888888888888888,1.7016286644951142,0.29411764705882354,0,0,0,0,0,1,0,0,1,0,0
-0.6,0.17391304347826086,-1.0,-2.142857142857143,0.03731343283582089,-1.1333333333333333,0.2162866449511401,-0.47058823529411764,0,0,0,0,0,1,0,0,1,0,0
-0.6,-1.0683229813664596,-1.25,-2.5714285714285716,-0.9925373134328358,-0.46666666666666656,-0.260586319218241,-0.4117647058823529,0,0,0,1,0,1,0,1,0,0,0
-0.6,-0.4968944099378882,-0.5,1.1428571428571428,-0.03731343283582089,0.533333333333333,0.6019543973941368,-0.23529411764705882,0,1,0,0,0,1,0,1,0,0,0
1.0,0.07453416149068323,0.15625,0.5714285714285714,1.0,-0.2222222222222222,-0.48469055374592834,0.5294117647058824,1,0,0,0,0,0,0,0,1,0,1
0.6,0.9192546583850931,0.375,1.8571428571428572,0.5597014925373134,1.5666666666666669,0.5263843648208468,-0.11764705882352941,0,0,1,0,0,1,0,0,0,1,0
-0.4,0.6708074534161491,0.625,1.7142857142857142,0.0,1.033333333333333,0.6201954397394137,-0.058823529411764705,0,0,1,0,0,1,0,0,0,1,0
-0.6,0.4968944099378882,-0.125,1.4285714285714286,0.0,0.13333333333333364,-0.5185667752442996,-0.4117647058823529,1,0,0,0,0,1,0,0,0,1,0
-0.6,0.049689440993788817,-0.375,-0.14285714285714285,0.0,0.7555555555555552,-0.2866449511400651,-0.4117647058823529,0,1,0,0,0,1,0,0,1,0,0
0.8,0.4720496894409938,1.125,-0.14285714285714285,0.0,-0.2333333333333335,-0.41433224755700326,1.2352941176470589,0,0,0,1,0,1,0,0,0,1,0
0.2,-0.07453416149068323,-0.5,-0.14285714285714285,0.0,-0.3444444444444446,-0.6332247557003258,-0.29411764705882354,0,0,0,1,0,1,0,0,1,0,0
-0.6,0.4968944099378882,0.75,-0.14285714285714285,0.0,-0.5222222222222221,-0.3596091205211726,1.7647058823529411,0,0,0,1,0,1,0,0,0,1,0
-0.2,-0.2981366459627329,0.5,2.4285714285714284,1.3208955223880596,0.18888888888888922,0.8912052117263843,0.0,1,0,0,0,0,0,0,0,1,0,1
0.8,-0.07453416149068323,0.25,-1.5714285714285714,0.11194029850746269,-0.911111111111111,0.2527687296416939,0.11764705882352941,0,0,0,0,0,1,0,0,1,0,0
1.0,0.2236024844720497,0.125,1.4285714285714286,-0.41044776119402987,-0.6777777777777779,-0.539413680781759,0.5882352941176471,0,0,0,1,0,1,0,0,1,0,0
0.2,0.37267080745341613,0.875,0.42857142857142855,0.0,-0.4444444444444444,0.1302931596091205,2.0,0,0,0,1,0,1,0,0,0,1,0
0.0,1.0186335403726707,-0.125,0.2857142857142857,3.3656716417910446,0.3888888888888889,-0.06514657980456032,0.35294117647058826,0,1,0,0,0,0,0,0,0,1,1
-0.6,0.14906832298136646,1.0,1.2857142857142858,0.0,0.35555555555555585,-0.4482084690553746,0.0,0,1,0,0,0,1,0,0,1,0,0
0.2,-0.7950310559006211,-0.875,-0.8571428571428571,-0.7985074626865671,-0.46666666666666656,-0.16416938110749188,-0.058823529411764705,0,0,0,1,0,1,0,1,0,0,0
-0.6,-0.8198757763975155,0.625,0.42857142857142855,0.3358208955223881,0.6888888888888892,-0.35439739413680776,-0.35294117647058826,0,1,0,0,0,1,0,1,0,0,0
-0.6,0.6956521739130435,0.15625,0.5714285714285714,1.0,1.3555555555555558,0.6801302931596092,0.11764705882352941,0,0,1,0,0,0,0,0,0,1,1
-0.6,0.4472049689440994,-0.25,2.0,2.201492537313433,1.1444444444444442,-0.01042345276872965,-0.29411764705882354,0,0,1,0,0,0,0,0,0,1,1
-0.4,0.546583850931677,-0.625,1.8571428571428572,5.634328358208955,0.966666666666667,0.43517915309446265,-0.47058823529411764,0,0,1,0,0,0,0,0,0,1,0
-0.6,1.391304347826087,0.375,0.5714285714285714,2.425373134328358,1.6111111111111112,2.0586319218241043,1.7058823529411764,0,0,1,0,0,0,0,0,0,1,0
0.2,-0.4472049689440994,0.0,-1.5714285714285714,0.0,-0.7111111111111109,-0.1954397394136808,-0.058823529411764705,0,0,0,1,0,1,0,1,0,0,0
1.0,1.9130434782608696,0.5,-0.14285714285714285,0.0,-0.6555555555555554,0.4742671009771989,2.235294117647059,0,0,0,1,0,1,0,0,0,1,0
-0.2,-0.84472049689441,-0.4375,0.0,-0.5447761194029851,0.533333333333333,0.6775244299674268,-0.29411764705882354,0,1,0,0,0,1,0,1,0,0,0
-0.2,-0.6956521739130435,1.125,0.2857142857142857,0.0,0.16666666666666666,-0.20065146579804566,0.7647058823529411,1,0,0,0,0,1,0,1,0,0,0
0.2,-0.4472049689440994,-0.25,1.4285714285714286,0.0,0.08888888888888857,-0.58371335504886,0.23529411764705882,1,0,0,0,0,1,0,1,0,0,0
0.2,0.19875776397515527,-0.125,-1.4285714285714286,0.291044776119403,-0.3444444444444446,2.019543973941368,0.9411764705882353,0,0,0,1,0,1,0,0,1,0,1
0.0,-0.9192546583850931,-0.125,-0.14285714285714285,0.0,-0.21111111111111094,-0.50814332247557,-0.4117647058823529,1,0,0,0,0,1,0,1,0,0,0
0.6,1.2173913043478262,0.125,-0.14285714285714285,0.0,-0.5999999999999999,-0.1693811074918567,2.176470588235294,0,0,0,1,0,1,0,0,0,1,0
0.4,-0.17391304347826086,-0.25,-0.14285714285714285,0.0,-0.6666666666666666,-0.20065146579804566,0.058823529411764705,0,0,0,1,0,1,0,0,1,0,0
-0.2,-0.8944099378881988,0.0,-1.8571428571428572,-0.39552238805970147,-0.21111111111111094,0.4638436482084692,-0.23529411764705882,1,0,0,0,0,1,0,1,0,0,0
0.8,1.937888198757764,-0.125,0.7142857142857143,0.6343283582089553,-0.7666666666666665,-0.5368078175895765,1.5294117647058822,0,0,0,1,0,1,0,0,0,1,1
0.6,0.9192546583850931,0.125,0.5714285714285714,1.3507462686567164,-0.29999999999999993,1.224755700325733,0.5882352941176471,0,0,0,1,0,0,0,0,0,1,0
-0.2,0.0,1.125,-1.2857142857142858,-0.4701492537313433,-0.7555555555555556,-0.14592833876221498,-0.47058823529411764,0,0,0,1,0,1,0,0,1,0,0
0.0,-0.8198757763975155,0.0,0.5714285714285714,0.0,0.5777777777777781,-0.26579804560260584,-0.058823529411764705,0,1,0,0,0,1,0,1,0,0,0
0.6,0.5714285714285714,-0.25,1.8571428571428572,1.0,0.7777777777777778,0.932899022801303,0.7058823529411765,0,1,0,0,0,0,0,0,0,1,1
0.8,-0.5714285714285714,-0.5,-0.42857142857142855,-0.35074626865671643,0.14444444444444413,0.9615635179153095,0.7058823529411765,1,0,0,0,0,1,0,1,0,0,0
0.0,-0.5217391304347826,0.375,1.5714285714285714,0.0,0.5888888888888886,-0.3413680781758958,0.6470588235294118,0,1,0,0,0,1,0,1,0,0,0
1.4,-1.0434782608695652,0.625,-0.14285714285714285,0.0,0.14444444444444413,-0.27622149837133547,0.5294117647058824,1,0,0,0,0,1,0,1,0,0,0
-0.6,1.565217391304348,1.125,-0.2857142857142857,-0.1865671641791045,0.5,-0.14332247557003255,0.35294117647058826,0,1,0,0,0,1,0,0,0,1,1
-0.4,0.32298136645962733,-0.75,-0.7142857142857143,1.007462686567164,-0.3777777777777776,0.8416938110749185,-0.47058823529411764,0,0,0,1,0,0,0,0,0,1,0
-0.2,-0.8198757763975155,-1.375,-0.7142857142857143,-0.39552238805970147,-0.17777777777777792,1.560912052117264,-0.47058823529411764,1,0,0,0,0,1,0,1,0,0,0
1.0,0.07453416149068323,0.375,-0.14285714285714285,0.0,-0.7777777777777778,0.10423452768729637,2.0588235294117645,0,0,0,1,0,1,0,0,1,0,0
1.8,-0.8198757763975155,0.0,0.42857142857142855,1.0,-0.25555555555555565,-0.18762214983713357,1.0,0,0,0,1,0,0,0,1,0,0,1
-0.6,0.546583850931677,-0.625,-1.5714285714285714,1.6044776119402986,-1.0999999999999999,-0.42214983713355053,-0.47058823529411764,0,0,0,0,0,0,0,0,0,1,0
1.2,-0.6459627329192547,-0.25,-0.14285714285714285,0.0,-0.8666666666666667,-0.4403908794788273,1.7058823529411764,0,0,0,0,0,1,0,1,0,0,0
-0.2,-0.6459627329192547,-0.625,-0.14285714285714285,0.0,-0.5222222222222221,0.4065146579804561,-0.4117647058823529,0,0,0,1,0,1,0,1,0,0,0
0.0,-0.4472049689440994,-1.125,-1.2857142857142858,-0.2462686567164179,-0.7111111111111109,-0.5602605863192183,-0.29411764705882354,0,0,0,1,0,1,0,1,0,0,0
0.0,1.1428571428571428,-0.125,-1.4285714285714286,0.03731343283582089,-0.04444444444444429,-0.2631921824104234,-0.058823529411764705,1,0,0,0,0,1,0,0,0,1,1
1.2,0.6956521739130435,1.0,0.8571428571428571,0.9328358208955224,-0.1888888888888888,1.0475570032573291,1.411764705882353,1,0,0,0,0,1,0,0,0,1,1
0.8,0.19875776397515527,0.875,-0.14285714285714285,0.0,0.6222222222222223,-0.1693811074918567,1.2941176470588236,0,1,0,0,0,1,0,0,1,0,0
2.0,-1.0186335403726707,-0.75,-0.14285714285714285,0.0,0.08888888888888857,-0.4925081433224756,0.7058823529411765,1,0,0,0,0,1,0,1,0,0,0
0.6,0.2981366459627329,1.125,-3.0,3.3358208955223883,-1.3777777777777775,0.5550488599348533,1.8235294117647058,0,0,0,0,0,0,0,0,0,1,0
-0.2,-1.2173913043478262,-0.125,0.5714285714285714,-0.5447761194029851,-0.7777777777777778,-0.4742671009771987,-0.23529411764705882,0,0,0,1,0,1,1,0,0,0,0
0.0,0.17391304347826086,0.5,0.7142857142857143,0.41044776119402987,0.13333333333333364,-0.16677524429967427,-0.17647058823529413,1,0,0,0,0,1,0,0,1,0,0
0.6,-0.07453416149068323,-0.125,-0.14285714285714285,0.0,-0.21111111111111094,-0.46905537459283386,-0.17647058823529413,1,0,0,0,0,1,0,0,1,0,0
1.2,0.32298136645962733,-0.125,0.5714285714285714,1.0,0.24444444444444477,0.7374592833876222,0.9411764705882353,1,0,0,0,0,0,0,0,0,1,1
0.0,0.19875776397515527,-0.875,-0.14285714285714285,0.0,-0.04444444444444429,-0.5680781758957655,-0.29411764705882354,1,0,0,0,0,1,0,0,1,0,0
0.0,-0.7453416149068323,-0.75,-1.4285714285714286,0.0,-1.1333333333333333,0.1954397394136808,-0.47058823529411764,0,0,0,0,0,1,0,1,0,0,0
-0.4,-0.4968944099378882,-0.5,-1.2857142857142858,-0.30597014925373134,-1.5333333333333334,-0.18241042345276876,-0.47058823529411764,0,0,0,0,1,1,0,1,0,0,0
0.0,-0.024844720496894408,0.125,-1.8571428571428572,0.03731343283582089,-0.6333333333333333,-0.6827361563517916,-0.29411764705882354,0,0,0,1,0,1,0,0,1,0,0
-0.6,0.0,-0.375,0.42857142857142855,1.2761194029850746,-0.13333333333333325,0.3231270358306189,-0.4117647058823529,1,0,0,0,0,0,0,0,1,0,0
-0.6,-0.14906832298136646,-0.4375,-0.14285714285714285,0.0,-0.8222222222222221,0.7583061889250816,0.11764705882352941,0,0,0,0,0,1,0,0,1,0,0
-0.2,0.12422360248447205,-0.75,-1.4285714285714286,0.05223880597014925,-0.24444444444444435,0.9068403908794788,-0.4117647058823529,0,0,0,1,0,1,0,0,1,0,0
-0.6,-0.2484472049689441,0.25,-0.14285714285714285,0.0,1.4777777777777774,0.8260586319218243,-0.29411764705882354,0,0,1,0,0,1,0,0,1,0,0
-0.4,-0.7701863354037267,-0.375,3.4285714285714284,-0.5597014925373134,1.033333333333333,1.4280130293159612,0.0,0,0,1,0,0,1,0,1,0,0,0
0.6,-0.6459627329192547,-0.125,-0.14285714285714285,0.0,-0.24444444444444435,0.3439739413680782,0.11764705882352941,0,0,0,1,0,1,0,1,0,0,0
-0.4,-0.9937888198757764,-1.0,0.2857142857142857,-0.6940298507462687,0.14444444444444413,2.298371335504886,-0.29411764705882354,1,0,0,0,0,1,0,1,0,0,0
0.2,0.37267080745341613,0.15625,0.5714285714285714,1.0,0.09999999999999984,-0.17459283387622151,-0.35294117647058826,1,0,0,0,0,0,0,0,0,1,1
-0.6,-0.2981366459627329,1.125,-0.14285714285714285,0.0,-0.2666666666666665,-0.4482084690553746,1.0,0,0,0,1,0,1,0,0,1,0,0
-0.6,-1.4906832298136645,-0.75,-0.14285714285714285,0.0,-1.1444444444444446,0.9537459283387623,2.235294117647059,0,0,0,0,0,1,1,0,0,0,0
-0.6,0.2484472049689441,0.5,1.2857142857142858,1.6044776119402986,0.47777777777777747,1.1335504885993488,-0.35294117647058826,0,1,0,0,0,0,0,0,0,1,0
0.0,0.2981366459627329,1.25,3.0,0.7835820895522388,0.4888888888888887,1.560912052117264,0.17647058823529413,0,1,0,0,0,1,0,0,0,1,1
1.0,-0.422360248447205,0.125,1.7142857142857142,1.6791044776119404,0.8222222222222221,0.760912052117264,0.8235294117647058,0,1,0,0,0,0,0,0,1,0,1
0.0,0.2732919254658385,0.0,-0.42857142857142855,1.3059701492537314,0.04444444444444429,0.46905537459283403,-0.11764705882352941,1,0,0,0,0,0,0,0,0,1,1
1.4,-0.6708074534161491,0.8125,0.5714285714285714,1.0,0.3222222222222221,1.1882736156351792,1.588235294117647,1,0,0,0,0,0,0,1,0,0,1
0.2,-0.8198757763975155,1.125,-0.7142857142857143,-0.6940298507462687,0.8333333333333334,-0.5472312703583062,-0.23529411764705882,0,1,0,0,0,1,0,1,0,0,0
-0.4,-0.7204968944099379,0.375,0.14285714285714285,-0.39552238805970147,0.0,-0.01042345276872965,0.0,1,0,0,0,0,1,0,1,0,0,0
1.0,1.7142857142857142,1.125,1.0,1.828358208955224,0.2777777777777778,0.14071661237785016,0.47058823529411764,1,0,0,0,0,0,0,0,0,1,1
0.4,1.7391304347826086,0.25,-0.14285714285714285,1.5597014925373134,1.288888888888889,1.732899022801303,1.411764705882353,0,0,1,0,0,0,0,0,0,1,1
0.2,0.34782608695652173,-0.25,-1.0,0.9477611940298507,0.12222222222222238,-0.5446254071661237,-0.058823529411764705,1,0,0,0,0,1,0,0,0,1,0
-0.4,1.1677018633540373,0.625,2.142857142857143,-0.5298507462686567,0.08888888888888857,-0.07296416938110742,1.2352941176470589,1,0,0,0,0,1,0,0,0,1,0
0.2,1.7888198757763976,2.375,0.42857142857142855,0.0,-0.3888888888888889,0.8104234527687298,0.47058823529411764,0,0,0,1,0,1,0,0,0,1,0
-0.4,-0.024844720496894408,-0.125,0.0,0.0,-0.5111111111111113,-0.42996742671009774,-0.47058823529411764,0,0,0,1,0,1,0,0,1,0,0
0.0,-0.8198757763975155,-0.25,0.2857142857142857,0.05223880597014925,-0.01111111111111127,0.5785016286644951,-0.23529411764705882,1,0,0,0,0,1,0,1,0,0,0
0.6,-0.07453416149068323,1.0,-0.14285714285714285,0.0,-0.46666666666666656,-0.31791530944625407,2.176470588235294,0,0,0,1,0,1,0,0,1,0,0
-0.4,-0.7204968944099379,-0.625,-0.5714285714285714,-0.8731343283582089,-0.2333333333333335,0.13811074918566774,-0.35294117647058826,0,0,0,1,0,1,0,1,0,0,0
-0.4,-0.8198757763975155,-0.5,-0.7142857142857143,0.1865671641791045,0.5444444444444443,0.26579804560260584,-0.058823529411764705,0,1,0,0,0,1,0,1,0,0,0
0.8,0.17391304347826086,-0.125,0.7142857142857143,1.6791044776119404,-0.7222222222222222,-0.5420195439739414,0.47058823529411764,0,0,0,1,0,0,0,0,1,0,0
-0.4,-0.4968944099378882,-0.125,1.7142857142857142,0.0,0.6777777777777779,-0.393485342019544,0.058823529411764705,0,1,0,0,0,1,0,1,0,0,0
1.0,-0.17391304347826086,0.25,-0.14285714285714285,0.0,-0.46666666666666656,-0.3439739413680782,1.7058823529411764,0,0,0,1,0,1,0,0,1,0,0
1.6,-0.34782608695652173,-0.25,1.7142857142857142,0.0,1.5777777777777782,-0.6332247557003258,0.7647058823529411,0,0,1,0,0,1,0,0,1,0,0
1.6,-0.7950310559006211,0.125,-0.14285714285714285,0.0,-0.21111111111111094,-0.17980456026058633,0.35294117647058826,1,0,0,0,0,1,0,1,0,0,0
0.6,0.19875776397515527,0.25,0.5714285714285714,1.0,0.19999999999999968,-0.6462540716612378,1.4705882352941178,1,0,0,0,0,0,0,0,1,0,1
-0.6,2.012422360248447,-0.375,0.5714285714285714,2.5597014925373136,1.033333333333333,0.3465798045602606,-0.058823529411764705,0,0,1,0,0,0,0,0,0,1,1
-0.4,-0.7453416149068323,-0.25,0.8571428571428571,-0.3805970149253731,0.6222222222222223,0.0833876221498372,-0.29411764705882354,0,1,0,0,0,1,0,1,0,0,0
0.6,-0.4472049689440994,-0.75,-1.2857142857142858,-0.7238805970149254,-0.5666666666666669,0.33355048859934855,0.17647058823529413,0,0,0,1,0,1,0,1,0,0,0
-0.6,-0.6459627329192547,0.5,-0.14285714285714285,0.0,0.04444444444444429,0.6045602605863192,-0.11764705882352941,1,0,0,0,0,1,0,1,0,0,0
-0.2,-0.546583850931677,-1.125,-2.0,-0.21641791044776118,-0.6555555555555554,0.9876221498371336,-0.4117647058823529,0,0,0,1,0,1,0,1,0,0,0
-0.4,-0.4472049689440994,0.0,0.2857142857142857,-1.2611940298507462,0.7333333333333335,0.1120521172638436,-0.47058823529411764,0,1,0,0,0,1,0,1,0,0,0
0.6,-0.6211180124223602,-0.625,0.5714285714285714,0.35074626865671643,0.0,-0.7400651465798045,1.0,1,0,0,0,0,1,0,1,0,0,0
0.2,0.9192546583850931,0.0,0.14285714285714285,0.35074626865671643,-0.0777777777777777,-0.08078175895765466,0.47058823529411764,1,0,0,0,0,1,0,0,0,1,0
-0.6,0.09937888198757763,-0.375,0.2857142857142857,0.9328358208955224,0.25555555555555526,-0.4325732899022801,0.23529411764705882,1,0,0,0,0,1,0,0,1,0,1
0.0,-0.968944099378882,-0.125,-0.14285714285714285,0.0,0.05555555555555555,-0.25798045602605857,0.5882352941176471,1,0,0,0,0,1,0,1,0,0,0
-0.2,0.32298136645962733,1.5,-0.14285714285714285,0.0,-1.0444444444444443,-0.2631921824104234,-0.47058823529411764,0,0,0,0,0,1,0,0,0,1,0
0.0,-0.14906832298136646,-0.875,0.42857142857142855,-0.8731343283582089,-0.2777777777777778,0.15895765472312703,-0.4117647058823529,0,0,0,1,0,1,0,0,1,0,0
-0.2,-0.4720496894409938,-0.75,-1.5714285714285714,0.26119402985074625,0.3000000000000003,-0.44560260586319217,-0.4117647058823529,1,0,0,0,0,1,0,1,0,0,0
-0.4,0.6459627329192547,0.875,0.2857142857142857,3.3955223880597014,-0.21111111111111094,1.3628664495114007,-0.35294117647058826,1,0,0,0,0,0,0,0,0,1,0
-0.4,0.049689440993788817,-1.75,2.7142857142857144,-0.5895522388059702,0.3888888888888889,-0.23192182410423445,-0.23529411764705882,0,1,0,0,0,1,0,0,1,0,0
0.6,-0.2236024844720497,-1.75,-1.1428571428571428,0.41044776119402987,-0.8888888888888888,1.1570032573289901,0.35294117647058826,0,0,0,0,0,1,0,0,1,0,0
-0.2,0.024844720496894408,0.5,0.5714285714285714,1.0,1.211111111111111,0.844299674267101,-0.47058823529411764,0,0,1,0,0,0,0,0,1,0,1
1.4,0.39751552795031053,-0.25,-0.14285714285714285,0.0,-0.5555555555555556,-0.3231270358306189,0.4117647058823529,0,0,0,1,0,1,0,0,0,1,0
-0.6,0.84472049689441,1.125,2.5714285714285716,1.0,1.1222222222222225,0.005211726384364825,-0.47058823529411764,0,0,1,0,0,0,0,0,0,1,1
0.6,-0.19875776397515527,-0.75,-0.14285714285714285,0.0,-0.7777777777777778,-0.42475570032573295,-0.11764705882352941,0,0,0,1,0,1,0,0,1,0,0
1.8,0.09937888198757763,0.375,-1.5714285714285714,0.0,-0.6111111111111112,-0.2866449511400651,1.9411764705882353,0,0,0,1,0,1,0,0,1,0,0
1.0,-0.422360248447205,0.25,-0.14285714285714285,0.0,0.7444444444444448,-0.4664495114006515,0.7647058823529411,0,1,0,0,0,1,0,0,1,0,0
1.0,0.17391304347826086,0.25,-0.5714285714285714,7.425373134328358,-0.36666666666666675,0.8286644951140067,1.3529411764705883,0,0,0,1,0,0,0,0,1,0,1
-0.4,-0.5962732919254659,-1.0,-2.4285714285714284,0.0,-1.0555555555555556,0.12508143322475568,-0.4117647058823529,0,0,0,0,0,1,0,1,0,0,0
1.0,0.6459627329192547,-0.375,0.5714285714285714,1.0,0.3222222222222221,-0.6254071661237786,0.7058823529411765,1,0,0,0,0,0,0,0,0,1,1
0.6,-0.34782608695652173,-0.375,-0.14285714285714285,0.0,-0.8555555555555555,-0.3127035830618893,0.0,0,0,0,0,0,1,0,0,1,0,0
0.0,1.4658385093167703,0.875,-0.14285714285714285,0.7985074626865671,0.14444444444444413,2.045602605863192,1.3529411764705883,1,0,0,0,0,1,0,0,0,1,1
-0.6,-1.093167701863354,-0.125,-0.14285714285714285,0.0,-1.211111111111111,-0.070358306188925,-0.23529411764705882,0,0,0,0,0,1,0,1,0,0,0
1.6,-0.14906832298136646,0.75,1.7142857142857142,1.0,1.6444444444444442,1.4488599348534204,0.9411764705882353,0,0,1,0,0,0,0,0,1,0,1
-0.2,-0.12422360248447205,0.375,3.142857142857143,0.5597014925373134,0.8222222222222221,-0.5055374592833877,-0.29411764705882354,0,1,0,0,0,1,0,0,1,0,0
0.0,0.37267080745341613,0.5,0.5714285714285714,1.0,0.2666666666666665,0.08599348534201963,0.8823529411764706,1,0,0,0,0,0,0,0,0,1,1
-0.2,-0.8695652173913043,-1.25,-0.8571428571428571,0.1865671641791045,-0.3888888888888889,3.465798045602606,-0.23529411764705882,0,0,0,1,0,1,0,1,0,0,0
0.6,0.14906832298136646,0.0,2.4285714285714284,1.9029850746268657,0.17777777777777792,0.9485342019543974,0.29411764705882354,1,0,0,0,0,0,0,0,1,0,0
-0.6,1.763975155279503,0.625,-2.0,1.2313432835820894,0.0,0.8156351791530947,-0.4117647058823529,1,0,0,0,0,0,0,0,0,1,1
-0.6,-1.2422360248447204,0.25,-0.14285714285714285,0.0,1.4777777777777774,-0.4560260586319218,1.0,0,0,1,0,0,1,1,0,0,0,0
-0.4,-0.6956521739130435,-3.0,-1.2857142857142858,-1.1567164179104477,-0.46666666666666656,0.49511400651465814,-0.47058823529411764,0,0,0,1,0,1,0,1,0,0,0
-0.4,1.391304347826087,0.125,0.5714285714285714,1.0,0.533333333333333,-0.7322475570032574,0.5294117647058824,0,1,0,0,0,0,0,0,0,1,1
-0.4,-0.19875776397515527,-2.125,-1.4285714285714286,0.26119402985074625,-0.9888888888888887,0.09902280130293155,-0.17647058823529413,0,0,0,0,0,1,0,0,1,0,0
-0.4,-0.2236024844720497,1.0,-1.2857142857142858,0.0,-0.5444444444444443,0.0807817589576548,-0.29411764705882354,0,0,0,1,0,1,0,0,1,0,0
0.6,-0.5217391304347826,-0.125,-0.14285714285714285,0.0,-0.9222222222222223,-0.4664495114006515,-0.058823529411764705,0,0,0,0,0,1,0,1,0,0,0
-0.4,0.17391304347826086,0.125,1.1428571428571428,0.0,-0.46666666666666656,-0.7009771986970685,0.058823529411764705,0,0,0,1,0,1,0,0,1,0,0
0.8,0.8198757763975155,0.375,0.14285714285714285,0.35074626865671643,0.35555555555555585,0.8416938110749185,1.4705882352941178,0,1,0,0,0,1,0,0,0,1,1
0.2,1.639751552795031,0.15625,0.5714285714285714,1.0,-0.40000000000000013,-0.4091205211726385,0.4117647058823529,0,0,0,1,0,0,0,0,0,1,1
-0.4,0.17391304347826086,-0.75,0.5714285714285714,0.0,0.4222222222222219,0.37785016286644957,-0.47058823529411764,0,1,0,0,0,1,0,0,1,0,0
-0.4,1.5900621118012421,0.375,2.0,2.843283582089552,0.8888888888888888,2.316612377850163,-0.4117647058823529,0,0,1,0,0,0,0,0,0,1,1
-0.4,-0.6211180124223602,-0.625,-0.42857142857142855,-0.917910447761194,-1.3888888888888888,0.2944625407166124,-0.23529411764705882,0,0,0,0,0,1,0,1,0,0,0
-0.6,0.8695652173913043,0.625,1.5714285714285714,2.529850746268657,1.0555555555555556,-0.25798045602605857,-0.11764705882352941,0,0,1,0,0,0,0,0,0,1,0
-0.4,-0.14906832298136646,-0.625,-2.142857142857143,1.1865671641791045,-0.8888888888888888,-0.6019543973941368,-0.35294117647058826,0,0,0,0,0,0,0,0,1,0,0
0.0,-0.2732919254658385,-1.125,-1.0,0.8283582089552238,-0.12222222222222238,-0.20065146579804566,-0.29411764705882354,1,0,0,0,0,1,0,0,1,0,0
0.0,1.4161490683229814,-0.875,-0.8571428571428571,1.3656716417910448,0.09999999999999984,0.5837133550488599,0.4117647058823529,1,0,0,0,0,0,0,0,0,1,1
0.8,1.2670807453416149,1.0,2.0,3.2611940298507465,0.6888888888888892,1.0892508143322477,0.6470588235294118,0,1,0,0,0,0,0,0,0,1,1
0.6,-0.2981366459627329,0.5,0.0,0.0,0.05555555555555555,1.326384364820847,-0.17647058823529413,1,0,0,0,0,1,0,0,1,0,0
1.6,0.5217391304347826,0.125,-0.2857142857142857,0.6194029850746269,0.4555555555555557,0.48990228013029335,1.2352941176470589,0,1,0,0,0,1,0,0,0,1,1
0.0,-0.2732919254658385,0.0,-0.14285714285714285,0.0,-0.6888888888888888,-0.42214983713355053,-0.11764705882352941,0,0,0,1,0,1,0,0,1,0,0
0.6,0.0,1.5,-0.14285714285714285,0.0,-0.36666666666666675,-0.552442996742671,0.058823529411764705,0,0,0,1,0,1,0,0,1,0,0
-0.2,-1.2173913043478262,-0.625,-2.142857142857143,-1.3059701492537314,-1.322222222222222,-0.29185667752442995,-0.35294117647058826,0,0,0,0,0,0,1,0,0,0,0
1.2,-0.12422360248447205,0.625,-0.5714285714285714,1.0,-0.4222222222222223,2.379153094462541,1.2352941176470589,0,0,0,1,0,0,0,0,1,0,1
-0.6,0.049689440993788817,0.15625,0.5714285714285714,1.0,0.04444444444444429,-0.5941368078175896,-0.29411764705882354,1,0,0,0,0,0,0,0,1,0,1
-0.2,-0.12422360248447205,0.875,2.0,0.8582089552238806,0.7111111111111109,-0.3205211726384365,-0.058823529411764705,0,1,0,0,0,1,0,0,1,0,0
-0.2,-0.6211180124223602,0.25,-1.1428571428571428,0.0,-0.8666666666666667,3.4631921824104235,-0.058823529411764705,0,0,0,0,0,1,0,1,0,0,0
0.6,1.639751552795031,1.375,-0.14285714285714285,0.0,0.9777777777777774,2.8456026058631925,0.9411764705882353,0,0,1,0,0,1,0,0,0,1,0
-0.6,-0.5714285714285714,-0.125,-0.14285714285714285,0.1865671641791045,1.2777777777777777,-0.057328990228013084,-0.47058823529411764,0,0,1,0,0,1,0,1,0,0,0
-0.2,-0.2236024844720497,-0.5,-0.14285714285714285,0.0,-0.13333333333333325,-0.5498371335504886,-0.47058823529411764,1,0,0,0,0,1,0,0,1,0,0
0.2,-0.6708074534161491,1.0,2.7142857142857144,-0.7238805970149254,0.6333333333333336,-0.01824104234527689,0.0,0,1,0,0,0,1,0,1,0,0,0
-0.6,0.19875776397515527,-0.25,-0.14285714285714285,0.0,-0.8111111111111112,-0.42475570032573295,-0.47058823529411764,0,0,0,0,0,1,0,0,1,0,0
-0.6,0.37267080745341613,0.375,-0.14285714285714285,0.0,0.04444444444444429,0.06254071661237791,-0.47058823529411764,1,0,0,0,0,1,0,0,0,1,0
0.4,0.2732919254658385,0.5,-0.14285714285714285,0.0,0.28888888888888903,-0.5863192182410424,0.9411764705882353,1,0,0,0,0,1,0,0,0,1,0
0.2,-0.5714285714285714,-0.4375,-0.8571428571428571,0.0,-0.8111111111111112,-0.5758957654723127,-0.47058823529411764,0,0,0,0,0,1,0,1,0,0,0
0.8,-0.07453416149068323,-0.5,0.5714285714285714,1.0,-0.5111111111111113,0.945928338762215,0.29411764705882354,0,0,0,1,0,0,0,0,1,0,1
-0.6,-0.37267080745341613,0.375,1.7142857142857142,-0.1865671641791045,0.2777777777777778,-0.3413680781758958,-0.29411764705882354,1,0,0,0,0,1,0,0,1,0,0
-0.2,-0.14906832298136646,-0.75,-0.14285714285714285,0.0,-0.6444444444444445,-0.06775244299674259,-0.35294117647058826,0,0,0,1,0,1,0,0,1,0,0
-0.4,0.2732919254658385,0.625,-1.5714285714285714,1.2014925373134329,-0.5,-0.6618892508143323,-0.4117647058823529,0,0,0,1,0,0,0,0,0,1,0
1.4,-0.6211180124223602,-0.625,-0.14285714285714285,0.0,-0.6777777777777779,-0.5263843648208469,0.11764705882352941,0,0,0,1,0,1,0,1,0,0,0
2.0,-0.32298136645962733,0.0,0.5714285714285714,1.0,-0.08888888888888896,0.25016286644951147,0.5294117647058824,1,0,0,0,0,0,0,0,1,0,1
0.4,-0.32298136645962733,0.125,-0.14285714285714285,0.0,-0.35555555555555546,-0.5628664495114006,1.1176470588235294,0,0,0,1,0,1,0,0,1,0,0
-0.2,-0.5714285714285714,0.25,-1.4285714285714286,-0.5447761194029851,-0.04444444444444429,0.729641693811075,-0.35294117647058826,1,0,0,0,0,1,0,1,0,0,0
0.8,-0.4968944099378882,0.25,0.5714285714285714,-0.17164179104477612,0.9888888888888887,1.30814332247557,0.17647058823529413,0,0,1,0,0,1,0,1,0,0,1
-0.4,-0.422360248447205,0.125,-2.2857142857142856,-0.8432835820895522,-1.3888888888888888,-0.5732899022801303,-0.058823529411764705,0,0,0,0,0,1,0,0,1,0,0
-0.6,-0.37267080745341613,0.875,-1.5714285714285714,0.03731343283582089,-0.29999999999999993,0.8495114006514657,-0.11764705882352941,0,0,0,1,0,1,0,0,1,0,0
0.2,0.2732919254658385,-0.125,-0.14285714285714285,0.0,0.25555555555555526,-0.1719869706840391,-0.29411764705882354,1,0,0,0,0,1,0,0,0,1,0
0.6,0.7453416149068323,0.5,0.5714285714285714,1.0,-0.2777777777777778,-0.4977198697068404,1.2352941176470589,0,0,0,1,0,0,0,0,0,1,1
0.2,-0.6708074534161491,-0.125,-0.14285714285714285,0.0,-0.4444444444444444,0.6280130293159609,0.11764705882352941,0,0,0,1,0,1,0,1,0,0,0
0.0,-0.34782608695652173,0.0,0.2857142857142857,0.7388059701492538,-0.4888888888888887,0.9407166123778502,-0.11764705882352941,0,0,0,1,0,1,0,0,1,0,0
-0.2,0.9937888198757764,0.125,1.0,5.037313432835821,0.8222222222222221,-0.6123778501628665,0.058823529411764705,0,1,0,0,0,0,0,0,0,1,0
-0.4,1.2422360248447204,0.125,-1.5714285714285714,0.6194029850746269,-0.9555555555555557,0.20325732899022805,0.23529411764705882,0,0,0,0,0,1,0,0,0,1,1
-0.6,1.5403726708074534,-1.375,1.1428571428571428,0.8432835820895522,0.6444444444444442,0.22410423452768735,-0.4117647058823529,0,1,0,0,0,1,0,0,0,1,1
1.6,0.4720496894409938,0.75,1.0,0.41044776119402987,-0.41111111111111104,-0.28403908794788274,0.7647058823529411,0,0,0,1,0,1,0,0,0,1,1
-0.6,-0.2484472049689441,-0.75,-0.42857142857142855,0.0,-0.6222222222222223,-0.6149837133550489,-0.35294117647058826,0,0,0,1,0,1,0,0,1,0,0
-0.4,-0.6459627329192547,-1.125,-0.42857142857142855,-0.03731343283582089,-0.7555555555555556,-0.3517915309446254,-0.35294117647058826,0,0,0,1,0,1,0,1,0,0,0
-0.4,0.0,-0.75,-0.7142857142857143,0.05223880597014925,0.19999999999999968,0.2527687296416939,-0.11764705882352941,1,0,0,0,0,1,0,0,1,0,0
0.4,0.14906832298136646,0.125,1.7142857142857142,-0.3805970149253731,0.2333333333333335,-0.260586319218241,-0.058823529411764705,1,0,0,0,0,1,0,0,1,0,0
-0.2,0.07453416149068323,-1.125,-0.14285714285714285,0.0,-0.5777777777777777,0.22410423452768735,-0.11764705882352941,0,0,0,1,0,1,0,0,1,0,0
-0.4,-0.2732919254658385,-0.125,0.0,0.48507462686567165,0.24444444444444477,-0.5915309446254072,-0.4117647058823529,1,0,0,0,0,1,0,0,1,0,0
-0.2,0.9440993788819876,-1.25,-0.14285714285714285,6.529850746268656,0.7444444444444448,-0.33615635179153097,-0.23529411764705882,0,1,0,0,0,0,0,0,0,1,1
-0.2,-0.39751552795031053,-0.875,1.0,-0.1865671641791045,-1.1333333333333333,-0.5576547231270359,-0.4117647058823529,0,0,0,0,0,1,0,0,1,0,0
-0.4,0.07453416149068323,0.5,2.857142857142857,1.455223880597015,0.7666666666666665,2.0664495114006516,0.7058823529411765,0,1,0,0,0,0,0,0,1,0,0
1.6,0.2484472049689441,2.125,-0.14285714285714285,0.0,0.7777777777777778,-0.4664495114006515,1.2941176470588236,0,1,0,0,0,1,0,0,0,1,0
0.0,-0.9192546583850931,0.625,0.42857142857142855,-0.48507462686567165,0.24444444444444477,2.405211726384365,-0.11764705882352941,1,0,0,0,0,1,0,1,0,0,1
1.4,1.1180124223602483,0.75,-0.14285714285714285,0.0,-0.47777777777777786,-0.48729641693811077,1.4705882352941178,0,0,0,1,0,1,0,0,0,1,0
-0.4,2.0372670807453415,0.25,2.142857142857143,1.0,1.211111111111111,2.6710097719869705,-0.4117647058823529,0,0,1,0,0,0,0,0,0,1,1
1.0,1.2422360248447204,2.125,2.5714285714285716,1.9179104477611941,0.6222222222222223,-0.5315960912052117,0.8235294117647058,0,1,0,0,0,0,0,0,0,1,1
1.2,0.6956521739130435,0.5,2.5714285714285716,0.41044776119402987,0.6555555555555554,0.6983713355048861,0.6470588235294118,0,1,0,0,0,1,0,0,0,1,1
0.6,-0.049689440993788817,-0.75,1.5714285714285714,1.0,0.18888888888888922,-0.3231270358306189,0.6470588235294118,1,0,0,0,0,0,0,0,1,0,1
-0.4,-0.12422360248447205,0.5,2.4285714285714284,0.44029850746268656,0.3111111111111108,-0.3960912052117264,-0.29411764705882354,1,0,0,0,0,1,0,0,1,0,0
0.2,0.6956521739130435,0.625,-1.4285714285714286,1.0,0.05555555555555555,-0.34918566775244303,2.411764705882353,1,0,0,0,0,0,0,0,0,1,1
1.4,-0.14906832298136646,-0.125,-0.14285714285714285,1.0,-0.5,-0.5941368078175896,0.6470588235294118,0,0,0,1,0,0,0,0,1,0,1
0.6,-0.4720496894409938,-0.875,0.7142857142857143,1.3059701492537314,0.2222222222222222,0.15895765472312703,0.8235294117647058,1,0,0,0,0,0,0,1,0,0,0
1.2,0.9192546583850931,0.375,0.2857142857142857,-0.03731343283582089,-0.12222222222222238,-0.5342019543973942,0.9411764705882353,1,0,0,0,0,1,0,0,0,1,0
0.6,1.1925465838509317,-0.25,-0.2857142857142857,0.9776119402985075,0.17777777777777792,0.6827361563517916,1.1764705882352942,1,0,0,0,0,0,0,0,0,1,0
-0.4,-0.4472049689440994,-0.875,-2.5714285714285716,0.0,-0.7333333333333335,0.4742671009771989,-0.47058823529411764,0,0,0,1,0,1,0,1,0,0,0
1.4,-1.2173913043478262,2.125,-0.7142857142857143,-0.7985074626865671,0.3888888888888889,-0.21889250814332253,1.0588235294117647,0,1,0,0,0,1,1,0,0,0,0
0.0,0.14906832298136646,1.75,1.0,2.0522388059701493,2.811111111111111,1.3315960912052118,-0.4117647058823529,0,0,1,0,0,0,0,0,1,0,0
1.0,-0.6459627329192547,0.625,-0.14285714285714285,0.0,0.40000000000000013,0.5680781758957655,2.2941176470588234,0,1,0,0,0,1,0,1,0,0,0
0.6,1.937888198757764,-0.125,0.5714285714285714,1.0,-0.12222222222222238,-0.10684039087947879,0.11764705882352941,1,0,0,0,0,0,0,0,0,1,1
1.2,0.968944099378882,0.875,0.5714285714285714,1.0,-0.7999999999999999,-0.36221498371335503,1.411764705882353,0,0,0,0,0,0,0,0,0,1,1
-0.6,-0.5962732919254659,-0.75,-0.14285714285714285,0.0,0.36666666666666636,-0.27622149837133547,-0.23529411764705882,0,1,0,0,0,1,0,1,0,0,0
0.0,0.09937888198757763,-1.25,0.5714285714285714,1.0,0.4444444444444444,-0.6306188925081433,-0.23529411764705882,0,1,0,0,0,0,0,0,1,0,1
-0.2,-0.39751552795031053,-0.875,-1.5714285714285714,2.425373134328358,-0.8666666666666667,0.6384364820846906,-0.35294117647058826,0,0,0,0,0,0,0,0,1,0,0
-0.2,-1.515527950310559,-1.0,0.0,-0.8582089552238806,-0.8666666666666667,-0.09641693811074913,-0.4117647058823529,0,0,0,0,0,1,1,0,0,0,0
-0.6,1.1180124223602483,0.25,1.1428571428571428,1.0,1.9555555555555557,-0.013029315960912065,-0.17647058823529413,0,0,1,0,0,0,0,0,0,1,1
-0.6,-0.546583850931677,-0.5,1.5714285714285714,0.03731343283582089,1.4000000000000001,-0.007817589576547239,-0.4117647058823529,0,0,1,0,0,1,0,1,0,0,0
0.2,0.19875776397515527,0.5,0.5714285714285714,1.0,0.03333333333333302,0.43517915309446265,-0.11764705882352941,1,0,0,0,0,0,0,0,1,0,1
0.4,0.4720496894409938,0.625,-0.14285714285714285,0.0,-0.21111111111111094,0.7061889250814333,2.3529411764705883,1,0,0,0,0,1,0,0,0,1,0
-0.2,0.2981366459627329,0.125,-0.2857142857142857,1.5298507462686568,0.13333333333333364,0.5785016286644951,-0.23529411764705882,1,0,0,0,0,0,0,0,0,1,0
0.0,0.32298136645962733,-0.5,-0.14285714285714285,0.0,-0.9888888888888887,-0.14332247557003255,-0.4117647058823529,0,0,0,0,0,1,0,0,0,1,0
-0.4,-0.2484472049689441,-1.375,-1.2857142857142858,0.0,-0.41111111111111104,-0.4899022801302932,0.0,0,0,0,1,0,1,0,0,1,0,0
-0.4,0.5714285714285714,0.125,-0.2857142857142857,1.1567164179104477,-0.8777777777777777,1.1960912052117263,-0.35294117647058826,0,0,0,0,0,0,0,0,0,1,0
-0.4,0.6708074534161491,0.625,2.5714285714285716,1.1567164179104477,1.5666666666666669,-0.0885993485342019,1.0,0,0,1,0,0,0,0,0,0,1,1
1.0,-0.2484472049689441,0.5,-0.14285714285714285,0.0,-0.8222222222222221,1.269055374592834,0.29411764705882354,0,0,0,0,0,1,0,0,1,0,0
2.0,1.0186335403726707,2.625,0.5714285714285714,1.0,1.1444444444444442,-0.29185667752442995,0.8823529411764706,0,0,1,0,0,0,0,0,0,1,1
-0.2,0.09937888198757763,-0.125,0.5714285714285714,-0.11194029850746269,0.7888888888888891,1.3472312703583063,-0.35294117647058826,0,1,0,0,0,1,0,0,1,0,0
0.8,0.2981366459627329,-0.25,3.0,0.3358208955223881,0.7222222222222222,0.18241042345276876,0.8235294117647058,0,1,0,0,0,1,0,0,0,1,1
-0.2,-0.6708074534161491,-0.75,-0.14285714285714285,0.0,-0.9444444444444444,-0.4638436482084691,-0.23529411764705882,0,0,0,0,0,1,0,1,0,0,0
0.8,0.6211180124223602,1.125,-0.5714285714285714,5.634328358208955,-0.17777777777777792,-0.6280130293159609,0.8235294117647058,1,0,0,0,0,0,0,0,0,1,1
0.0,1.2919254658385093,0.125,-1.2857142857142858,0.3358208955223881,-0.2333333333333335,-0.2631921824104234,0.11764705882352941,0,0,0,1,0,1,0,0,0,1,1
-0.6,-0.4472049689440994,-0.125,-0.14285714285714285,0.0,-0.7777777777777778,-0.3022801302931596,-0.4117647058823529,0,0,0,1,0,1,0,1,0,0,0
0.2,0.2484472049689441,1.0,-2.4285714285714284,0.7835820895522388,0.2777777777777778,0.596742671009772,-0.058823529411764705,1,0,0,0,0,1,0,0,0,1,0
0.2,0.024844720496894408,-0.125,-0.14285714285714285,0.0,1.3888888888888888,1.3941368078175898,-0.17647058823529413,0,0,1,0,0,1,0,0,1,0,0
-0.2,0.12422360248447205,0.25,-0.14285714285714285,1.455223880597015,0.4333333333333332,0.2970684039087948,-0.17647058823529413,0,1,0,0,0,0,0,0,1,0,0
0.6,0.19875776397515527,0.375,0.42857142857142855,1.0,-0.4888888888888887,0.5107491856677523,1.1764705882352942,0,0,0,1,0,0,0,0,1,0,1
-0.4,1.2670807453416149,1.0,0.14285714285714285,1.0,0.3333333333333333,1.3967426710097721,1.3529411764705883,0,1,0,0,0,0,0,0,0,1,1
-0.2,0.2981366459627329,-0.125,-0.14285714285714285,0.0,0.7222222222222222,-0.1693811074918567,0.7058823529411765,0,1,0,0,0,1,0,0,0,1,0
0.2,-0.17391304347826086,0.25,-1.1428571428571428,-0.03731343283582089,-0.40000000000000013,-0.654071661237785,-0.11764705882352941,0,0,0,1,0,1,0,0,1,0,0
0.6,-0.9192546583850931,0.5,1.1428571428571428,0.0,0.8666666666666664,-0.5003257328990228,-0.058823529411764705,0,1,0,0,0,1,0,1,0,0,0
1.4,-0.049689440993788817,0.15625,0.5714285714285714,1.0,0.25555555555555526,-0.2814332247557003,0.058823529411764705,1,0,0,0,0,0,0,0,1,0,1
-0.2,0.2484472049689441,-1.625,-1.0,3.470149253731343,0.2666666666666665,-0.5029315960912053,-0.4117647058823529,1,0,0,0,0,0,0,0,0,1,0
1.2,1.1677018633540373,0.375,0.5714285714285714,1.0,0.08888888888888857,-0.5758957654723127,0.9411764705882353,1,0,0,0,0,0,0,0,0,1,1
-0.2,-0.5962732919254659,-0.5,0.5714285714285714,0.8582089552238806,0.6666666666666666,0.7947882736156353,-0.35294117647058826,0,1,0,0,0,1,0,1,0,0,1
0.0,1.0186335403726707,-0.5,-2.142857142857143,4.246268656716418,-0.08888888888888896,-0.19283387622149842,-0.29411764705882354,1,0,0,0,0,0,0,0,0,1,0
0.4,0.2236024844720497,0.375,-0.14285714285714285,-1.2014925373134329,-0.2666666666666665,0.18241042345276876,0.6470588235294118,0,0,0,1,0,1,0,0,1,0,0
1.4,0.2981366459627329,-0.625,1.1428571428571428,1.0,1.0222222222222226,0.18762214983713357,0.5294117647058824,0,0,1,0,0,0,0,0,0,1,1
-0.6,0.422360248447205,-0.875,-1.1428571428571428,2.8134328358208953,-0.6222222222222223,-0.04429967426710102,-0.47058823529411764,0,0,0,1,0,0,0,0,0,1,0
0.0,-0.37267080745341613,0.125,-0.14285714285714285,0.0,-0.2777777777777778,-0.6462540716612378,0.17647058823529413,0,0,0,1,0,1,0,0,1,0,0
0.8,1.7391304347826086,-1.375,0.7142857142857143,4.32089552238806,0.21111111111111094,1.1908794788273616,0.29411764705882354,1,0,0,0,0,0,0,0,0,1,1
0.0,1.391304347826087,0.375,1.5714285714285714,1.2313432835820894,0.19999999999999968,1.5661237785016286,0.11764705882352941,1,0,0,0,0,0,0,0,0,1,1
1.4,-0.5714285714285714,0.0,-1.4285714285714286,0.0,-0.9888888888888887,0.5889250814332248,1.588235294117647,0,0,0,0,0,1,0,1,0,0,0
-0.4,-0.2236024844720497,-0.75,2.5714285714285716,1.126865671641791,0.3888888888888889,0.11986970684039085,-0.29411764705882354,0,1,0,0,0,0,0,0,1,0,0
0.4,-0.4968944099378882,0.25,-0.14285714285714285,1.0,0.40000000000000013,0.023452768729641717,1.3529411764705883,0,1,0,0,0,0,0,1,0,0,1
0.2,-0.84472049689441,0.875,-1.2857142857142858,0.0,-0.29999999999999993,-0.1355048859934853,0.29411764705882354,0,0,0,1,0,1,0,1,0,0,0
-0.4,-0.07453416149068323,-0.375,1.1428571428571428,1.455223880597015,0.6777777777777779,-0.2084690553745929,-0.47058823529411764,0,1,0,0,0,0,0,0,1,0,0
-0.4,0.7950310559006211,-0.25,0.14285714285714285,0.3656716417910448,-0.29999999999999993,-0.05211726384364826,0.7647058823529411,0,0,0,1,0,1,0,0,0,1,1
0.4,0.0,0.875,0.2857142857142857,0.03731343283582089,0.7888888888888891,-0.30749185667752443,0.7647058823529411,0,1,0,0,0,1,0,0,1,0,0
-0.4,-0.14906832298136646,1.375,-0.14285714285714285,0.0,0.08888888888888857,-0.2710097719869706,0.9411764705882353,1,0,0,0,0,1,0,0,1,0,0
0.2,-0.12422360248447205,0.375,1.7142857142857142,0.0,0.8222222222222221,-0.3465798045602606,0.5294117647058824,0,1,0,0,0,1,0,0,1,0,0
-0.4,-0.024844720496894408,0.375,0.14285714285714285,1.1567164179104477,0.4555555555555557,0.3309446254071661,-0.23529411764705882,0,1,0,0,0,0,0,0,1,0,0
-0.6,0.5962732919254659,0.75,-0.2857142857142857,0.0,0.04444444444444429,0.16677524429967427,-0.4117647058823529,1,0,0,0,0,1,0,0,0,1,0
-0.2,1.4409937888198758,1.0,-0.14285714285714285,0.0,-1.0111111111111113,-0.1120521172638436,-0.4117647058823529,0,0,0,0,0,1,0,0,0,1,0
-0.2,-0.6211180124223602,-1.25,-0.14285714285714285,0.0,-0.21111111111111094,-0.5941368078175896,-0.4117647058823529,1,0,0,0,0,1,0,1,0,0,0
0.0,0.32298136645962733,0.375,-0.7142857142857143,-0.35074626865671643,-0.40000000000000013,-0.11986970684039085,0.29411764705882354,0,0,0,1,0,1,0,0,0,1,1
1.0,0.07453416149068323,0.875,0.5714285714285714,1.0,-0.40000000000000013,-0.2866449511400651,-0.4117647058823529,0,0,0,1,0,0,0,0,1,0,1
-0.2,1.4161490683229814,1.0,1.2857142857142858,0.26119402985074625,1.3888888888888888,0.7218241042345278,-0.29411764705882354,0,0,1,0,0,1,0,0,0,1,1
-0.2,-0.2732919254658385,-1.0,-0.14285714285714285,0.9328358208955224,-0.3333333333333333,0.1485342019543974,-0.4117647058823529,0,0,0,1,0,1,0,0,1,0,0
-0.2,-0.2981366459627329,0.1875,-0.14285714285714285,0.0,-0.9666666666666666,0.49771986970684057,1.411764705882353,0,0,0,0,0,1,0,0,1,0,0
0.2,-0.546583850931677,-0.75,0.5714285714285714,0.0,0.3777777777777776,-0.22149837133550496,-0.058823529411764705,0,1,0,0,0,1,0,1,0,0,0
-0.6,0.2236024844720497,0.875,-0.14285714285714285,0.26119402985074625,-0.5111111111111113,0.380456026058632,-0.47058823529411764,0,0,0,1,0,1,0,0,1,0,0
1.0,-1.2919254658385093,0.0,-0.7142857142857143,0.0,0.0,0.6019543973941368,0.7647058823529411,1,0,0,0,0,1,1,0,0,0,0
-0.2,-0.4472049689440994,-0.75,-1.5714285714285714,0.8582089552238806,0.5111111111111113,0.21889250814332253,-0.47058823529411764,0,1,0,0,0,1,0,1,0,0,0
-0.4,-0.37267080745341613,0.125,0.5714285714285714,1.0,0.8333333333333334,-0.19804560260586324,0.7647058823529411,0,1,0,0,0,0,0,0,1,0,1
1.6,0.07453416149068323,0.5,1.2857142857142858,0.7089552238805971,1.1444444444444442,1.084039087947883,1.1176470588235294,0,0,1,0,0,1,0,0,1,0,1
0.0,-0.37267080745341613,-1.75,-1.1428571428571428,-0.12686567164179105,-0.13333333333333325,0.0807817589576548,-0.17647058823529413,1,0,0,0,0,1,0,0,1,0,0
-0.4,-0.19875776397515527,-0.875,-1.4285714285714286,0.20149253731343283,-0.3888888888888889,-0.39087947882736157,-0.4117647058823529,0,0,0,1,0,1,0,0,1,0,0
1.2,0.5714285714285714,1.375,0.5714285714285714,1.0,0.0777777777777781,0.9511400651465798,0.9411764705882353,1,0,0,0,0,0,0,0,0,1,1
2.0,0.8944099378881988,1.0,1.2857142857142858,0.5597014925373134,0.9555555555555557,2.0977198697068404,0.5882352941176471,0,0,1,0,0,1,0,0,0,1,0
1.8,-0.422360248447205,0.75,0.7142857142857143,0.03731343283582089,-0.2222222222222222,0.31009771986970686,1.0,1,0,0,0,0,1,0,0,1,0,0
-0.4,0.7453416149068323,1.375,1.8571428571428572,1.0,1.9222222222222218,-0.028664495114006542,-0.11764705882352941,0,0,1,0,0,0,0,0,0,1,1
-0.4,-0.8944099378881988,0.125,1.8571428571428572,-0.6791044776119403,1.5888888888888886,1.8944625407166127,0.17647058823529413,0,0,1,0,0,1,0,1,0,0,0
0.0,1.7391304347826086,-0.125,-0.8571428571428571,1.455223880597015,0.4888888888888887,0.10162866449511396,0.4117647058823529,0,1,0,0,0,0,0,0,0,1,1
0.6,1.1180124223602483,-0.625,0.5714285714285714,1.0,-0.8555555555555555,-0.4977198697068404,1.2352941176470589,0,0,0,0,0,0,0,0,0,1,1
0.2,0.4720496894409938,-0.125,0.5714285714285714,1.0,-0.08888888888888896,2.1185667752443,-0.4117647058823529,1,0,0,0,0,0,0,0,0,1,1
-0.4,0.09937888198757763,0.375,1.5714285714285714,-0.4253731343283582,0.7777777777777778,-0.2814332247557003,-0.058823529411764705,0,1,0,0,0,1,0,0,1,0,0
0.0,-0.2236024844720497,-0.625,-0.5714285714285714,0.0,-0.6666666666666666,-0.38045602605863194,-0.23529411764705882,0,0,0,1,0,1,0,0,1,0,0
-0.6,1.5900621118012421,1.0,2.2857142857142856,6.082089552238806,1.2555555555555553,-0.38306188925081436,-0.17647058823529413,0,0,1,0,0,0,0,0,0,1,1
1.0,0.9192546583850931,0.375,0.5714285714285714,1.0,0.04444444444444429,0.19283387622149842,0.9411764705882353,1,0,0,0,0,0,0,0,0,1,1
-0.4,0.2732919254658385,1.0,1.5714285714285714,0.11194029850746269,0.5,1.7928338762214984,0.47058823529411764,0,1,0,0,0,1,0,0,0,1,1
0.8,0.4968944099378882,1.125,1.8571428571428572,0.0,0.0,0.057328990228013084,0.5882352941176471,1,0,0,0,0,1,0,0,0,1,0
-0.6,0.14906832298136646,0.0,0.5714285714285714,1.0,0.47777777777777747,-0.28925081433224753,1.3529411764705883,0,1,0,0,0,0,0,0,1,0,1
-0.4,-0.2732919254658385,0.25,-0.14285714285714285,0.0,0.6111111111111112,-0.4482084690553746,-0.17647058823529413,0,1,0,0,0,1,0,0,1,0,0
0.6,1.813664596273292,1.25,0.5714285714285714,1.0,0.3888888888888889,-0.23713355048859927,2.176470588235294,0,1,0,0,0,0,0,0,0,1,1
-0.2,-0.7204968944099379,-0.875,-0.2857142857142857,-1.291044776119403,-0.40000000000000013,1.034527687296417,-0.4117647058823529,0,0,0,1,0,1,0,1,0,0,0
1.2,1.3167701863354038,0.125,0.42857142857142855,1.0,1.3333333333333333,0.08859934853420204,0.8235294117647058,0,0,1,0,0,0,0,0,0,1,1
1.2,-0.6956521739130435,-0.625,-0.14285714285714285,0.0,-1.0555555555555556,-0.5915309446254072,0.23529411764705882,0,0,0,0,0,1,0,1,0,0,0
1.4,-0.39751552795031053,0.25,2.857142857142857,1.1567164179104477,0.09999999999999984,-0.5159609120521172,2.0,1,0,0,0,0,0,0,0,1,0,0
-0.2,0.12422360248447205,-0.125,-0.14285714285714285,0.0,0.533333333333333,-0.07557003257328983,-0.11764705882352941,0,1,0,0,0,1,0,0,1,0,0
0.4,0.09937888198757763,0.0,-0.7142857142857143,0.1417910447761194,-0.6444444444444445,-0.3231270358306189,0.058823529411764705,0,0,0,1,0,1,0,0,1,0,0
-0.4,0.2236024844720497,-0.75,0.5714285714285714,1.0,-0.21111111111111094,-0.05211726384364826,1.0588235294117647,1,0,0,0,0,0,0,0,1,0,1
-0.4,-0.5962732919254659,-0.125,0.42857142857142855,0.0,-0.17777777777777792,-0.14071661237785016,-0.35294117647058826,1,0,0,0,0,1,0,1,0,0,0
